"ID_Client","Type_Client","Age","Revenu_Impute","Revenu_Mensuel","Taux_Endettement_Impute","Taux_Endettement_Pct","Incidents_Paiement_12M","Anciennete_Bancaire_Ans","EAD_Montant_Pret","Valeur_Garantie","Defaut_1An","Ratio_Garantie_EAD","Garantie_Superieure_EAD","log_Revenu","log_EAD","PD","LGD","EL"
"CUST-10047","Retail",70,0,2913.63,0,50.29,2,3,4367.66,1625.54,0,0.372176,"non",7.9771550054607,8.3819826755673,0.404709625132269,0.702258875461918,1241.3366940752
"CUST-10062","Retail",70,1,3234.13,0,4.65,1,3,3383.81,3365.93,0,0.994716,"non",8.08151523722648,8.12675757257773,0.0412521183176934,0.204227187696709,28.5079363973351
"CUST-10268","Retail",70,0,2023.82,0,34.3,0,2,8772.43,3388.05,0,0.386216,"non",7.61274209364628,9.0793691279442,0.0837351982149762,0.691027457614367,507.601934227203
"CUST-10385","Retail",70,0,2276.19,0,38.28,3,1,27216.36,21187.84,1,0.778496,"non",7.73025827155108,10.2115735420614,0.525867456066693,0.377202829474625,5398.60158031681
"CUST-10406","Retail",70,0,2953.32,0,13.54,1,16,32859.86,20709.68,1,0.630242,"non",7.99068524024814,10.4000071310831,0.0482548965502312,0.495806007694494,786.174372164366
"CUST-10453","PME",70,0,8347.29,0,32.04,0,5,9616.19,161.34,0,0.016778,"non",9.02969221426866,9.17120341531523,0.0312590613910095,0.986577636257187,296.558403985751
"CUST-10531","Retail",70,0,3494.15,0,37.76,0,6,12154.88,8135.48,0,0.669318,"non",8.15884542051091,9.40548601422103,0.0647036863082047,0.464545598146588,365.349105924533
"CUST-10551","PME",70,0,29905.61,0,50.79,1,12,4896.97,2548.56,0,0.520436,"non",10.3058013671974,8.49637192548384,0.0574229620534985,0.583651114873075,164.121831150269
"CUST-10565","Retail",70,0,2314.51,0,35.59,0,2,3401.59,897.98,0,0.263988,"non",7.74695328104959,8.13199824835027,0.081444003226415,0.788809350921187,218.531038121136
"CUST-10654","Retail",70,0,2624.1,0,41.83,0,18,3397.03,1239.68,1,0.364931,"non",7.87249325909392,8.13065679944334,0.0714199339717645,0.708055566185756,171.78536730321
"CUST-10686","Retail",70,0,4535.7,0,9.15,1,19,2003.61,996.65,0,0.497427,"non",8.41973470565427,7.60270583248718,0.0294951155569069,0.602058284795943,35.5796629451413
"CUST-10742","Retail",70,0,2242.71,0,7.9,0,21,13976.92,5935.82,0,0.424687,"non",7.71544023503344,9.54516267677961,0.0190747595390603,0.660250183874559,176.026916762967
"CUST-10768","Retail",70,0,2475.9,0,37.43,2,22,27377.7,22287.41,1,0.814072,"non",7.81435924526675,10.2174840923922,0.230839872029652,0.348742662824123,2204.0064666483
"CUST-10827","Retail",70,0,1791.7,0,37.08,0,15,23229.71,11326.52,0,0.487588,"non",7.49092016880585,10.0531873418294,0.0784556135377004,0.609929869981158,1111.59788967523
"CUST-10848","PME",70,0,19409.71,0,50.43,0,16,35672.47,22788.19,0,0.638817,"non",9.87352873529925,10.4821345218204,0.0317302620762138,0.488946181747437,553.436629251832
"CUST-10897","PME",70,0,18206.21,0,11.18,2,17,3484.22,3151.7,0,0.904564,"non",9.80951802365761,8.15599948178819,0.0309677664601615,0.276348795426236,29.8176236138311
"CUST-10029","Retail",69,0,2043.14,0,47.64,0,5,2648.85,2221.94,0,0.838832,"non",7.62224311914623,7.88188086252724,0.129674244371397,0.328934443248957,112.984909772309
"CUST-10153","Retail",69,0,3957.55,0,21.96,0,8,3178.42,3804.62,0,1.197016,"oui",8.28338042591414,8.06413949695479,0.0308527715307256,0.1,9.80630660886889
"CUST-10205","Retail",69,0,3880.94,0,24.42,0,22,7040.6,2734.09,0,0.388332,"non",8.26383267131639,8.85944867279318,0.0261967613678847,0.689334431724569,127.141475456073
"CUST-10206","Retail",69,0,2696.05,0,27.86,1,17,29888.66,30079.61,0,1.006389,"oui",7.89954301785429,10.3052344232259,0.0871604242087524,0.194889031492211,507.707030524105
"CUST-10211","PME",69,0,8532.32,0,34.04,2,20,20116.76,15492.53,0,0.77013,"non",9.0516165847482,9.90930857744912,0.111235428329203,0.383895617385702,859.041846833358
"CUST-10213","PME",69,0,24951.88,0,34.06,3,3,7296.49,7949.3,0,1.089469,"oui",10.1247044490423,8.89514868958675,0.166548647568539,0.128424763139537,156.0644102041
"CUST-10215","Retail",69,0,3533.79,0,37.18,1,9,21395.79,7372.62,0,0.344583,"non",8.17012622836362,9.9709494526843,0.122571612123621,0.724333805856199,1899.57733777857
"CUST-10278","Retail",69,0,4378.24,0,15.87,0,2,5626.01,236.73,0,0.042078,"non",8.38440209613258,8.63515576651001,0.0255152970297709,0.966337777572383,138.717127229775
"CUST-10298","Retail",69,0,3717,0,54.95,2,6,9550.03,8090.06,1,0.847124,"non",8.22067217029725,9.1642995748311,0.400151369377841,0.322300767641568,1231.65871222035
"CUST-10354","Retail",69,0,5421.82,0,6.85,0,2,8170.08,8833.13,0,1.081156,"oui",8.59818683142565,9.00823397972777,0.0154909005247062,0.135075299140278,17.0953860374532
"CUST-10367","Retail",69,0,4238.72,0,20.74,0,14,8592.05,8275.96,1,0.963211,"non",8.35201661585656,9.05859263609857,0.0250328775135661,0.229430927427098,49.3468608506977
"CUST-10431","Retail",69,0,2433.94,0,17.4,2,2,6301.14,6385.02,1,1.013312,"oui",7.79726662246303,8.74848584839067,0.164862893526762,0.189350498481227,196.701874976225
"CUST-10492","Retail",69,0,1783.26,0,67.47,2,6,5851.08,5350.73,1,0.914486,"non",7.4861984288811,8.6743815385712,0.640108248954551,0.26841130184513,1005.28744455013
"CUST-10524","PME",69,0,22627.18,0,17.2,0,6,19469.49,13541.67,0,0.695533,"non",10.0269071175176,9.87660390387834,0.00905351360407897,0.443573714565713,78.187537725921
"CUST-10578","Retail",69,0,1806.42,0,19.54,0,5,41964.34,4882.2,0,0.116342,"non",7.49910226507901,10.6445754890014,0.04757382297553,0.906926690613983,1810.59214762005
"CUST-10583","PME",69,0,5804.48,0,18.24,0,23,14310.73,16937.9,0,1.18358,"oui",8.6663853121696,9.56876488452679,0.0155981270164041,0.1,22.3220584237465
"CUST-10591","Retail",69,0,4473.92,0,4.38,0,10,6352.34,899.33,0,0.141575,"non",8.40602026079946,8.75657852794284,0.0134364366711426,0.886740319315402,75.685781650399
"CUST-10599","Retail",69,0,4010.03,0,15.64,0,9,17174.39,10181.86,0,0.592851,"non",8.29655400156939,9.75117459972037,0.0232307728071757,0.525718933831129,209.748371060254
"CUST-10606","PME",69,0,10077.46,0,35.38,1,16,13538.22,15023.32,1,1.109697,"oui",9.21805652574504,9.51327207549051,0.0551883020885593,0.112242525235961,83.8621570748993
"CUST-10697","Retail",69,0,2434.23,0,9.66,0,7,2449.81,1790.98,0,0.731069,"non",7.79738576374213,7.80376574951113,0.0257036764955219,0.415144847967801,26.1413072915346
"CUST-10719","Retail",69,0,3483.54,0,19.55,0,22,43851.66,32747.47,0,0.746778,"non",8.15580429710842,10.6885678534122,0.0229603384187689,0.402577325464988,405.334558978007
"CUST-10776","PME",69,0,24398.5,0,38.14,0,15,45979.51,38548.69,0,0.838388,"non",10.1022769339818,10.7359511414531,0.0170772135428678,0.329289242099361,258.558542124176
"CUST-10783","Retail",69,0,1741.3,1,26.34,0,3,11711.83,735.72,0,0.062819,"non",7.46238723968534,9.36835472106843,0.065975362290969,0.949745172189145,733.86071250447
"CUST-10816","Retail",69,0,2904.11,0,42.39,0,24,7169.44,2190.64,0,0.305552,"non",7.97388225401518,8.87758282733564,0.0614286907726664,0.75555803521614,332.754795049798
"CUST-10914","Retail",69,0,4451.48,0,13.5,1,13,2218.65,431.92,0,0.194677,"non",8.40099190413606,7.70465418178549,0.0399459539588392,0.844258445451063,74.8233256036572
"CUST-10932","Retail",69,0,4061.12,0,20.94,3,16,2818.75,1405.97,1,0.498792,"non",8.3092140766218,7.94404880325099,0.216912280334798,0.600966385809313,367.443763167859
"CUST-10988","Retail",69,0,2572.26,0,44.01,0,11,16887.66,7777.25,1,0.460529,"non",7.85254016889536,9.73433845668693,0.0894538203327764,0.631577139757669,954.101924134546
"CUST-10078","Retail",68,0,3065.42,0,13.52,0,21,3555.34,3607.79,0,1.014752,"oui",8.02793986997753,8.17620597760788,0.019808907080758,0.188198034505842,13.2542981989918
"CUST-10123","Retail",68,0,3980.49,0,49.48,1,2,2900.98,3150.74,0,1.086095,"oui",8.28916020627827,7.97280388992322,0.199544503977889,0.131123965004929,75.9043347791411
"CUST-10241","Retail",68,0,3182.6,0,29.11,0,5,21956.8,25663.93,0,1.168837,"oui",8.06545375177608,9.99683216551537,0.0496163381215894,0.1,108.941601286811
"CUST-10277","Retail",68,0,4062.09,0,53.77,2,15,48860.21,17474.86,0,0.35765,"non",8.30945289846799,10.7967186427968,0.333712263337578,0.713879903504303,11639.9912005635
"CUST-10281","PME",68,0,17078,0,6.55,1,20,14207.52,12601.35,0,0.886949,"non",9.74554636446755,9.56152668087748,0.0115283652906191,0.29044055542417,47.5711076698224
"CUST-10290","Retail",68,0,3690.6,0,41.92,0,5,13399.25,8940.9,0,0.667269,"non",8.21354432544238,9.50295401422336,0.0750319000043447,0.466185047670579,468.689014334139
"CUST-10305","Retail",68,0,3806.72,1,26.34,0,20,35221.93,24622.4,0,0.699064,"non",8.24452320495163,10.4694241789588,0.0297961932314764,0.440748420089416,462.556401687372
"CUST-10323","PME",68,0,16323.71,0,26.92,0,6,8100.06,8800.29,0,1.086448,"oui",9.70037393111428,8.9996267480405,0.0165191115262058,0.130841993763009,17.5074169305956
"CUST-10330","Retail",68,0,3294.68,0,29.37,1,14,45855.22,22114.98,0,0.482278,"non",8.10006432537676,10.7332443207135,0.0870086325668435,0.614177317217102,2450.4446530173
"CUST-10350","Retail",68,0,1944.06,0,45.09,1,20,3620.37,3672.88,1,1.014504,"oui",7.57253384874163,8.19433150954149,0.184287722680379,0.188396766076395,125.696389857715
"CUST-10400","Retail",68,0,2675.3,0,26.92,0,24,3112.82,1086.04,0,0.348893,"non",7.89181680257453,8.04328434673323,0.0349174724266645,0.720885884824693,78.354389115766
"CUST-10471","Retail",68,0,2809.41,0,58.12,0,12,9497.12,10884.82,0,1.146118,"oui",7.94072977586937,9.15874387373225,0.140850146407023,0.1,133.767074244507
"CUST-10500","Retail",68,0,1604.22,0,57.24,0,24,11307.61,3135.68,0,0.277307,"non",7.38039293612852,9.33323122936128,0.149695414705419,0.778154357994307,1317.17983389035
"CUST-10580","Retail",68,0,2755.36,0,34.57,0,20,5347.32,5372.39,1,1.004688,"oui",7.92130338455659,8.58435077980097,0.0502921633669936,0.196249336116036,52.77699857463
"CUST-10601","Retail",68,0,2210.23,0,10.26,0,21,19022.16,21791.12,0,1.145565,"oui",7.70085186149483,9.85335989432017,0.0211912212301277,0.1,40.3102800834886
"CUST-10663","PME",68,0,24241,0,10.9,0,17,2847.05,1754.87,0,0.616382,"non",10.0958006934577,7.95403864947015,0.00536075849905966,0.506894504838342,7.73640007095195
"CUST-10755","Retail",68,0,4365.93,0,29.3,0,8,11963.87,13459.73,0,1.125031,"oui",8.38158650399923,9.38964655375968,0.0390520466846301,0.1,46.7213609768845
"CUST-10791","PME",68,0,23035.13,0,33.58,2,19,41426.82,47736.24,0,1.152303,"oui",10.0447757209399,10.6316837761516,0.0630714932417344,0.1,261.285139765655
"CUST-10835","Retail",68,0,3344.21,0,63.62,0,8,10902.89,7841.96,0,0.719255,"non",8.11498577127588,9.29678317068915,0.166951073159917,0.42459586403238,772.870275902813
"CUST-10878","Retail",68,0,3920.12,0,52.13,1,9,4761.39,5652.72,0,1.1872,"oui",8.27387754456086,8.46829492140358,0.196112706221667,0.1,93.3769078276783
"CUST-10926","Retail",68,1,3234.13,0,27.07,1,5,12987.06,5404.07,0,0.416112,"non",8.08151523722648,9.47170875610404,0.0950973073857111,0.667110493060015,823.904432117553
"CUST-10035","Retail",67,1,3234.13,0,24.92,1,9,6159.96,4345.62,0,0.705462,"non",8.08151523722648,8.72582556299999,0.0814127252572636,0.435630101494166,218.468117369758
"CUST-10053","PME",67,0,22256.46,0,41.32,0,13,21066.13,23313.4,0,1.106677,"oui",10.0103875825334,9.95542181645881,0.0214052735337936,0.114658458862639,51.7025117462603
"CUST-10057","PME",67,0,12332.58,0,45.85,3,1,2360.03,1020.84,0,0.432554,"non",9.41999982001165,7.76642960980327,0.345653576923149,0.653956941225323,533.467213172958
"CUST-10088","Retail",67,0,4313.09,1,26.34,1,14,8493.07,3154.14,0,0.371378,"non",8.36940986357597,9.04700581582776,0.0662764995716315,0.702897538816941,395.654663529744
"CUST-10136","PME",67,0,12058.23,0,19.57,2,14,4662.74,2109.14,0,0.452339,"non",9.39750269334081,8.44735853715813,0.0586527042061074,0.63812865396741,174.51689837057
"CUST-10347","Retail",67,0,2421.96,0,12.45,1,16,12282.92,13685.95,0,1.114226,"oui",7.79233240870003,9.41596495845104,0.0519999647271314,0.1086191231401,69.3762729403494
"CUST-10387","Retail",67,0,3324.07,0,28,1,12,5448.15,4892.34,0,0.897982,"non",8.1089452147187,8.60303138048997,0.085264275463862,0.281614492993034,130.819102030143
"CUST-10448","Retail",67,1,3234.13,0,33.74,1,12,24893.8,2963.19,0,0.119033,"non",8.08151523722648,10.1223740554642,0.107480040550855,0.904773397392122,2420.79960837696
"CUST-10468","Retail",67,0,2772.57,0,50.31,1,18,29079.12,8490.01,0,0.291962,"non",7.92752996687694,10.2777756698416,0.189716826865724,0.766430070786186,4228.240168641
"CUST-10491","Retail",67,0,5706.07,0,55.3,1,24,6471.14,7300.81,0,1.128211,"oui",8.64928579948649,8.7751075698101,0.139811819847553,0.1,90.4741859888292
"CUST-10618","Retail",67,0,3922.13,0,28.73,0,9,26991.34,15393.05,0,0.570296,"non",8.27439015256086,10.2032713527974,0.0399283409175573,0.543763295931214,586.024266812896
"CUST-10641","Retail",67,0,3106.88,0,11.5,3,19,42607.95,5529.45,0,0.129775,"non",8.04137428618178,10.6597961345645,0.172231859176049,0.89617993825096,6576.56848120332
"CUST-10706","Retail",67,1,3234.13,0,11.45,0,10,116170.04,58590.16,0,0.504348,"non",8.08151523722648,11.6628102588304,0.0219042129892,0.59652137504644,1517.91622415484
"CUST-10717","Retail",67,0,3507.83,0,20.87,0,8,33132.38,1026.06,0,0.030968,"non",8.16275289165647,10.4082663309268,0.0317647297378042,0.975225202656736,1026.36708139441
"CUST-10763","Retail",67,0,4193.83,0,31.46,1,9,32649.59,11749.38,0,0.359863,"non",8.34136967654401,10.3935875771985,0.0900062808561654,0.712109585449618,2092.653770446
"CUST-10775","PME",67,0,12679.98,0,6.66,0,23,36169.68,40222.46,0,1.112049,"oui",9.44777965070291,10.4959764777961,0.00596558485507596,0.110360722019106,23.812896653025
"CUST-10836","Retail",67,0,3771.85,0,44.28,0,23,24387.55,27425.6,0,1.124574,"oui",8.23532087626062,10.1018280351599,0.0578066436630848,0.100340952658221,141.456903508625
"CUST-10880","Retail",67,0,3509.91,0,45.74,1,2,16417.65,17238.33,0,1.049988,"oui",8.16334567510553,9.70611225461544,0.187527342909497,0.16000986742926,492.631704440447
"CUST-10921","Retail",67,0,1744.4,0,20.11,0,11,40778.76,10579.08,0,0.259426,"non",7.46416593596861,10.6159166366039,0.0442583088519967,0.79245901542862,1430.22920267347
"CUST-10923","Retail",67,0,4036.85,0,26.22,0,5,16709.34,405.39,0,0.024261,"non",8.30321996385844,9.7237231235024,0.0383612911786192,0.980590974867948,628.550830077828
"CUST-10935","Retail",67,1,3234.13,0,39.11,0,9,5903.27,6680.49,0,1.131659,"oui",8.08151523722648,8.68326171364919,0.0674133599787863,0.1,39.795926556197
"CUST-10949","Retail",67,0,2611.81,0,28.14,3,15,12974.88,13130.56,0,1.011999,"oui",7.86779874655607,9.47077045943641,0.334552334865494,0.190401144365112,826.488793726431
"CUST-10953","Retail",67,0,2066.98,0,35.33,0,10,5056.21,5705.84,0,1.128482,"oui",7.63384388377622,8.52837246977427,0.0741450934043409,0.1,37.4893162721963
"CUST-10980","Retail",67,0,2546.83,0,41.29,1,22,4832.94,2259.65,0,0.467552,"non",7.84260472756148,8.48321025711873,0.135271234621928,0.62595852628007,409.22524440295
"CUST-10982","PME",67,0,23371.64,0,38.11,2,10,7817.23,7085.59,0,0.906407,"non",10.0592786005093,8.9640855508398,0.0881158719758168,0.274874603919803,189.339684835012
"CUST-10985","Retail",67,0,2670.82,0,20.38,1,13,25306.63,23584.97,0,0.931968,"non",7.89014082034867,10.1388216957211,0.0708645321754698,0.254425579383742,456.272203549717
"CUST-10311","Retail",66,0,3044.13,0,28.58,1,13,8767.91,10028.15,0,1.143733,"oui",8.02097042503418,9.07885374453658,0.089976629129999,0.1,78.8906986315209
"CUST-10334","PME",66,0,13173.45,0,75.69,0,20,28293.36,17311.8,0,0.611868,"non",9.48595871942978,10.2503824271264,0.0993015715244529,0.510505645140768,1434.30395497348
"CUST-10360","Retail",66,0,3230.06,0,14.29,0,12,13898.23,16524.46,0,1.188961,"oui",8.08025599189557,9.5395167728811,0.0236528736481978,0.1,32.8733078123593
"CUST-10368","Retail",66,0,2254.73,0,44.82,0,8,25481.61,4266.44,0,0.167432,"non",7.72078551084349,10.1457122945031,0.104936708820223,0.866054303476115,2315.79135125733
"CUST-10383","PME",66,0,22892.84,0,27.08,0,14,17906.69,8675.93,0,0.484508,"non",10.0385794768974,9.79292966502108,0.0115073271813695,0.612393803656622,126.18872847523
"CUST-10416","PME",66,0,22600.51,0,44.65,0,6,2280.47,2066.36,0,0.906111,"non",10.0257277513774,7.73213684105536,0.0278705151311385,0.275110832416125,17.4854595240039
"CUST-10494","PME",66,0,24276.01,0,27.76,1,12,12362.78,557.16,0,0.045068,"non",10.0972438988851,9.42244562481503,0.0259182097980261,0.963945973316681,308.868653909987
"CUST-10549","PME",66,1,18930.14,0,25.7,1,23,23788.17,13486.81,0,0.566954,"non",9.84851063984427,10.0769436772613,0.0223327816450354,0.546436400950556,290.297620090517
"CUST-10649","Retail",66,0,3146.06,0,16.85,1,17,7054.35,557.37,0,0.079011,"non",8.05390615527361,8.86139972680355,0.0519683610031784,0.936791341512684,343.430523144898
"CUST-10758","Retail",66,0,3403.29,0,10.07,0,2,17087.19,11674.01,0,0.683202,"non",8.13249788979446,9.74608433895103,0.0235099337563028,0.453438043352944,182.154543565027
"CUST-10810","Retail",66,0,2919.61,0,51.22,0,7,64867.69,191.07,0,0.002946,"non",7.97920532469834,11.0801049358922,0.11727367465456,0.99764357263223,7589.34638783988
"CUST-10912","Retail",66,0,3818.55,0,19.07,0,8,11251.72,9166.26,0,0.814654,"non",8.24762604838963,9.32827628483514,0.0280545845950133,0.348276707916656,109.937837307494
"CUST-10951","Retail",66,0,3435.01,0,45.42,0,4,12796.73,14490.51,0,1.13236,"oui",8.14177511586036,9.45694494852001,0.0910385756645702,0.1,116.499607236408
"CUST-10086","Retail",65,0,4400.71,0,39.97,0,12,21739,6148.32,0,0.282824,"non",8.389521170525,9.98686316145718,0.0549600728078822,0.773740466442799,924.447330893624
"CUST-10092","Retail",65,0,3711.55,0,41.34,0,3,8879.36,570.53,0,0.064254,"non",8.21920485810905,9.09148476131683,0.0759212028025128,0.94859719619432,639.479432248586
"CUST-10096","Retail",65,0,4089.82,0,23.27,0,2,8927.88,2394.4,0,0.268194,"non",8.31625623828844,9.09693424367055,0.035849604255183,0.785445144872019,251.390330894875
"CUST-10160","Retail",65,0,2605.83,0,20.66,0,23,7364.18,6256.82,0,0.849629,"non",7.86550652148174,8.90438298529161,0.0281082597540427,0.320296896599486,66.2996268800947
"CUST-10172","Retail",65,0,3378.94,0,33.39,0,16,21473.15,14052.79,0,0.654435,"non",8.12531732982388,9.97455859645943,0.045905498972222,0.476451661726389,469.655395733887
"CUST-10338","Retail",65,0,4591.04,0,37.06,0,15,15258.1,17784.18,0,1.165557,"oui",8.43186185691003,9.63286578856762,0.0450920869863756,0.1,68.8019572446817
"CUST-10412","Retail",65,0,2646.54,0,38.34,0,21,18395.77,8130.42,0,0.441972,"non",7.88100840548573,9.81987602586367,0.0586152320851868,0.646422193797813,697.019163735681
"CUST-10445","Retail",65,0,2225.49,0,0.71,0,17,2730.26,11.1,0,0.004066,"non",7.70773239507354,7.91215212173938,0.0154619407950681,0.996747562503205,42.0778164408825
"CUST-10474","Retail",65,0,3837.9,0,37.03,2,5,14045.04,13642.9,1,0.971368,"non",8.2526806209911,9.5500245875229,0.240357865758221,0.222905737541509,752.493177486577
"CUST-10518","PME",65,0,21975.07,0,16.96,3,19,17234.3,4036.44,0,0.23421,"non",9.9976639079863,9.75465686309859,0.0713439058203572,0.812632250802179,999.181959912164
"CUST-10566","Retail",65,0,3488.6,0,29.87,0,12,5557.84,58.79,0,0.010578,"non",8.15725578858403,8.62296482255451,0.042296218317787,0.991537719689664,233.086338275407
"CUST-10629","PME",65,0,19497.59,0,15.18,0,16,17574.82,10565.33,0,0.601163,"non",9.87804614717041,9.77422247480565,0.00747520812517966,0.519069668992342,68.1930047336064
"CUST-10664","PME",65,0,30994.09,0,38.95,0,20,18784.9,15656.28,0,0.83345,"non",10.3415518201309,9.84080863459757,0.0137915686476482,0.333239783017211,86.3335095797652
"CUST-10670","Retail",65,0,800,0,32.05,0,24,3320.51,366.17,0,0.110275,"non",6.68461172766793,8.10787366457087,0.0870228955105937,0.911779816955829,263.46825585259
"CUST-10684","PME",65,0,25007.16,0,24.78,1,10,9450.88,4670.04,0,0.494138,"non",10.1269174628457,9.15386313784535,0.0234593699440024,0.604689510394799,134.066733405742
"CUST-10703","PME",65,0,22532.36,0,5.36,0,19,13386.44,12050.21,0,0.90018,"non",10.0227077771637,9.50199753328323,0.00428372363458465,0.279855734609052,16.0479939079827
"CUST-10705","Retail",65,1,3234.13,0,26.25,0,20,10832.31,10847.13,0,1.001368,"oui",8.08151523722648,9.29028861364949,0.0327703649076355,0.198905496611526,70.6072248521809
"CUST-10769","Retail",65,0,2766.87,0,30.18,0,19,10978.01,8701.6,0,0.792639,"non",7.92547199639193,9.30364946002215,0.0429643914743489,0.365888717536238,172.576360166762
"CUST-10812","PME",65,0,22202.18,0,36.05,0,23,35822.11,31307.76,0,0.873979,"non",10.0079457612374,10.4863205795191,0.0141676127855402,0.300817065214751,152.668806950929
"CUST-10917","Retail",65,0,4596.65,0,22.55,1,7,14560.91,12024.54,0,0.82581,"non",8.43308305629686,9.58609581979763,0.0628878546022398,0.339352279493521,310.746372413246
"CUST-10944","Retail",65,0,4218.87,0,5.72,1,13,4013.48,2571.63,0,0.640748,"non",8.34732259866075,8.29741397437745,0.0301837249805437,0.487401457089608,59.04467839754
"CUST-10954","Retail",65,0,2726.89,0,9.46,0,6,3005.47,1999.89,0,0.665417,"non",7.91091704466495,8.00818924072918,0.02426383059602,0.467666621194023,34.1042212048807
"CUST-10978","Retail",65,0,3169.1,0,7.96,1,3,6002.4,6778.92,0,1.129368,"oui",8.06120291488885,8.69991466823152,0.047633566292172,0.1,28.5915718312133
"CUST-10997","PME",65,0,12270.99,0,13.03,0,13,13709.37,7064.47,0,0.515302,"non",9.41499321904671,9.52583481964058,0.00968078123132309,0.587758153729894,78.0057409210678
"CUST-10019","Retail",64,0,3980.41,0,26.98,1,2,8113.55,5316.96,0,0.655319,"non",8.28914010804817,9.00129078252916,0.0890010515013647,0.475745142385269,343.542456776341
"CUST-10027","PME",64,0,24486.88,0,12.61,1,18,5335.55,6301.27,0,1.180997,"oui",10.1058927428919,8.58214725120566,0.0123215031474117,0.1,6.57419961181723
"CUST-10036","PME",64,0,8561.4,0,13.09,0,4,4777.92,2874.76,0,0.601676,"non",9.05501900716459,8.4717605843383,0.0145103626628392,0.518659165494608,35.9583038391337
"CUST-10055","Retail",64,0,2428.16,0,31.72,0,11,7143.35,5346.73,0,0.748491,"non",7.79488904786654,8.87393713297458,0.057543862389051,0.401207556678589,164.918753115699
"CUST-10072","Retail",64,0,2107.2,0,36.66,2,24,14488.68,11773.92,1,0.812629,"non",7.65311533098902,9.58112293385663,0.235914897993618,0.34989688501644,1195.98095563416
"CUST-10103","PME",64,0,16958.27,0,33.79,0,22,5019.54,1203.05,0,0.239673,"non",9.73851089942608,8.52109357502104,0.0155522905027276,0.808261314781833,63.0971977986163
"CUST-10128","PME",64,0,16648.7,0,51.27,1,1,31098.86,18196.51,0,0.585118,"non",9.72008741428226,10.3449264415469,0.100702319070843,0.531905413896201,1665.78271766285
"CUST-10176","Retail",64,0,3426.87,0,28.17,0,19,11258.52,8750.69,0,0.77725,"non",8.13940258710199,9.32888045433372,0.0348588841457584,0.378199621264607,148.428013208346
"CUST-10177","Retail",64,0,1874.34,0,48.42,1,5,12051.27,7268.94,1,0.603168,"non",7.53601187643797,9.3969253275561,0.264476176145411,0.517465628103926,1649.30464263157
"CUST-10198","PME",64,0,22305.45,0,16.55,0,12,12930.4,8678.4,0,0.671163,"non",10.0125863222075,9.4673364070956,0.00788473594726141,0.463069974633422,47.2112757366982
"CUST-10226","PME",64,0,18989.38,0,47.06,2,11,20885.05,16969.07,0,0.812498,"non",9.85163515451084,9.94678887099113,0.135336899112585,0.350001268850206,989.284853111778
"CUST-10356","Retail",64,0,3618.09,0,42.55,0,15,22369.77,24208.7,0,1.082206,"oui",8.19370154126774,10.0154657728041,0.0644425042174712,0.134235175417539,193.508596089265
"CUST-10439","Retail",64,0,3785.23,0,21.23,1,10,14322.94,8086.82,0,0.564606,"non",8.23886193020766,9.56961772670456,0.0632352128812986,0.548315080563069,496.616732599873
"CUST-10440","Retail",64,0,1581.14,0,5.2,0,5,6415.64,369.29,0,0.057561,"non",7.36590138483867,8.76649403824645,0.0290165535105874,0.953951281555698,177.587342927925
"CUST-10544","Retail",64,0,2868.62,0,23.26,2,11,5622.6,4255.95,0,0.756936,"non",7.96158635687792,8.63454946935783,0.159327983477066,0.394450965745385,353.363974874776
"CUST-10645","PME",64,0,12382.63,0,45.88,0,12,10374.62,481.61,0,0.046422,"non",9.42404996309495,9.24711771792211,0.037483150617893,0.962862447010107,374.431635928138
"CUST-10676","Retail",64,0,2074.45,0,32.81,2,13,19082.99,4944.9,1,0.259126,"non",7.63745133728916,9.85655264132016,0.249118342873491,0.792699152491303,3768.4306109313
"CUST-10702","Retail",64,0,5097.63,0,21.18,2,22,16282.3,495.73,0,0.030446,"non",8.53653100482082,9.69783390721906,0.0885198591773457,0.975643244504769,1406.20134325131
"CUST-10830","Retail",64,0,4251.28,0,12.35,1,1,11248.53,1800.41,0,0.160057,"non",8.35497539304452,9.32799273242827,0.0494555432705073,0.871954113115225,485.069958416877
"CUST-10968","Retail",64,0,3016.08,0,40.66,0,16,4196.79,3223.59,0,0.768108,"non",8.011713253975,8.34207522634195,0.0653484372424668,0.385513213670448,105.728412886457
"CUST-10989","Retail",64,0,4007.64,0,3.47,3,16,57934.98,9840.76,1,0.169859,"non",8.29595781837133,10.9670766262166,0.118908840118745,0.864113045348423,5952.85858811314
"CUST-10003","Retail",63,0,4540.17,0,21.95,0,24,36456.96,807.44,0,0.022148,"non",8.42071973526827,10.5038876657109,0.0206945209715316,0.982281792008988,741.091656067687
"CUST-10162","PME",63,0,14887.37,0,37.34,0,14,9072.59,9385.6,0,1.034501,"oui",9.60826848146758,9.1130130591262,0.0228235418167556,0.172399502236958,35.6985299910056
"CUST-10399","Retail",63,0,3880.53,0,29.35,1,16,10755.14,4615.77,0,0.429169,"non",8.26372702122682,9.28313905881841,0.0762548376488369,0.656664999246872,538.551621011014
"CUST-10435","PME",63,0,19425.89,0,38.65,0,19,45492,23589.45,0,0.518541,"non",9.87436199143209,10.7252917653043,0.0185264154833765,0.58516750197837,493.181331790296
"CUST-10535","Retail",63,0,4143.67,0,37.58,2,12,6170.23,1352.4,0,0.219181,"non",8.32933714756379,8.72749139335215,0.211270617640878,0.824654834584772,1075.01039644825
"CUST-10543","Retail",63,0,6001.52,0,24.01,3,6,34386.62,32816.68,0,0.954344,"non",8.69976804946005,10.4454228142111,0.23182010657577,0.236524438866047,1885.45690913016
"CUST-10638","Retail",63,0,5090.74,0,42.52,0,17,4525.25,3291.36,0,0.727332,"non",8.53517848208159,8.41742810322666,0.0506593275185829,0.4181342467267,95.8556544762169
"CUST-10876","PME",63,0,14306.3,0,37,0,3,21138.28,20959.09,0,0.991523,"non",9.56845527867074,9.95884089376787,0.0286440723137048,0.206781630293477,125.203469235782
"CUST-10877","Retail",63,0,4577.43,0,13.29,1,8,6140.39,5388.89,0,0.877614,"non",8.42889298424168,8.72264353703932,0.0429189242091937,0.297909090464938,78.5106438395456
"CUST-10925","Retail",63,1,3234.13,0,3.56,0,3,24981.97,14068.31,0,0.563139,"non",8.08151523722648,10.1259096436605,0.018236864552395,0.549489171590551,250.343311981112
"CUST-10952","Retail",63,0,2253.99,0,38.26,2,20,6164.37,5129.74,0,0.83216,"non",7.72045725803265,8.72654122059569,0.255431539811323,0.334272277621233,526.336611441337
"CUST-10031","Retail",62,0,3239.72,0,5.9,0,20,6285.97,305.41,0,0.048586,"non",8.08324218529889,8.74607544483578,0.0142979047587592,0.961131217616374,86.3828219025194
"CUST-10067","PME",62,0,11526.16,0,45.93,0,8,9765.48,7254.89,0,0.742912,"non",9.35237451355912,9.18660899724863,0.0423757272692416,0.40567058659687,167.874325126555
"CUST-10113","Retail",62,0,3179.93,0,20.87,4,15,9328.47,1862.87,0,0.199697,"non",8.06461446295333,9.14082629325577,0.420954922736879,0.840242183337675,3299.51793056822
"CUST-10149","Retail",62,0,4449.03,0,44.66,0,19,24765.57,10848.07,0,0.43803,"non",8.40044137387164,10.1172096611112,0.0574484369909329,0.649575761833869,924.179554994954
"CUST-10171","Retail",62,0,4778.77,0,46.67,3,23,6026.18,4674.4,1,0.775682,"non",8.47193847019674,8.70386858980503,0.387980138746847,0.379454314341755,887.178664066866
"CUST-10197","Retail",62,0,4434.39,0,31.69,0,1,13249.71,6650.25,0,0.501917,"non",8.39714534300653,9.4917309443824,0.0487191571479827,0.59846668342175,386.3190437965
"CUST-10272","Retail",62,0,3391.31,0,16.47,0,21,4961.77,820.05,0,0.165274,"non",8.12897155640786,8.50951781090014,0.0210003733088905,0.867781053938413,90.4219373672889
"CUST-10379","Retail",62,0,3117.54,0,12.33,0,7,2290.39,532.38,0,0.232441,"non",8.04479950826578,7.73647738772478,0.0246342234880588,0.814047389309244,45.9301648143568
"CUST-10392","Retail",62,0,3474.12,0,19.68,1,7,3653.44,1526.88,0,0.417929,"non",8.15309648851881,8.20342446848796,0.0662478512097267,0.665656477183148,161.110534279578
"CUST-10403","PME",62,0,14447.23,0,39.58,2,22,9327.24,10770.63,0,1.15475,"oui",9.57825797966292,9.14069443014235,0.0982007640755531,0.1,91.5942094716062
"CUST-10432","Retail",62,0,4127.76,0,2.46,0,4,5821.19,3975.7,0,0.68297,"non",8.32549016593635,8.66925998717883,0.0147083165020393,0.453623743598817,38.8392218047801
"CUST-10454","Retail",62,0,4137.59,0,52.16,0,19,15011.36,13903.02,0,0.926167,"non",8.3278687717146,9.6165625267855,0.0801688843356649,0.259066733460526,311.772301723878
"CUST-10630","Retail",62,0,3556.84,0,28.82,0,10,56120.22,25251.71,0,0.449957,"non",8.17662778921057,10.9352514543798,0.0416767897194862,0.64003405546165,1496.98244176935
"CUST-10652","Retail",62,0,3377.49,0,24.52,2,20,5533.27,1865.04,0,0.337059,"non",8.12488810906017,8.61853423982789,0.130690094121429,0.730352576324669,528.149774587096
"CUST-10860","Retail",62,0,2693.55,0,17.03,0,14,14211.16,5619.81,0,0.39545,"non",7.89861530515602,9.56178285041244,0.0283856947640552,0.683639618440718,275.775880969563
"CUST-10903","Retail",62,0,4648.65,0,48.6,0,14,3136.51,68.34,0,0.021789,"non",8.444332133849,8.05086599579889,0.0717550927402411,0.982569161265228,221.137571500399
"CUST-10991","Retail",62,0,2786.21,0,28.37,0,24,3894.6,3089.81,0,0.793357,"non",7.93243752838348,8.26734625726748,0.0361149431619589,0.365314024546808,51.3826076135633
"CUST-10093","PME",61,0,19499.92,0,6.56,1,19,14154.09,12046.92,0,0.851126,"non",9.87816564197932,9.55775890724205,0.0108393922373638,0.319098861177229,48.9567003672342
"CUST-10115","PME",61,0,25667.19,0,22.66,3,15,17022.71,5107.97,0,0.300068,"non",10.1529688015702,9.74230361389433,0.0874488052238672,0.759945625579006,1131.26695227689
"CUST-10188","Retail",61,0,4898.98,0,25.14,3,18,12651.53,2337.61,0,0.184769,"non",8.49678229916443,9.44553343545857,0.219831969961577,0.852184834561512,2370.10563388648
"CUST-10204","Retail",61,0,4531.81,0,18.55,4,10,24521.26,24730.66,0,1.00854,"oui",8.41887669717373,10.1072957753531,0.369129396092575,0.193168377155171,1748.46702261238
"CUST-10258","Retail",61,0,3372.02,0,42.88,0,11,3680,1569.61,0,0.426524,"non",8.12326725030226,8.21066803116298,0.0733245610850752,0.658780434782609,177.761613333281
"CUST-10287","Retail",61,0,4579.79,0,40.73,0,19,7099.63,6074.71,0,0.855638,"non",8.42940842452863,8.86779794899544,0.0483632644950015,0.315489962152957,108.327038338303
"CUST-10316","PME",61,0,16686.5,0,31.29,0,15,24340.02,2638.03,0,0.108382,"non",9.72235528825339,10.0998771882339,0.016297091428617,0.913294072889012,362.277758433218
"CUST-10363","PME",61,0,19037.97,0,45.68,0,12,45179.61,28722.03,0,0.63573,"non",9.85419068501423,10.7184011578466,0.0286637573503728,0.491416061360423,636.392339400373
"CUST-10562","PME",61,0,16724.14,0,37.47,4,8,43681.99,37047.5,1,0.848118,"non",9.72460846364448,10.6846911679891,0.371791087002166,0.321505270249821,5221.43030794754
"CUST-10596","Retail",61,0,3074.28,0,21.58,2,23,11253.52,9457.09,0,0.840367,"non",8.03082600648262,9.32843624758194,0.117213318913988,0.32770617548998,432.264903730312
"CUST-10609","PME",61,0,11175.98,0,17.43,0,11,9897.85,2719.24,0,0.27473,"non",9.32152211138616,9.20007284082032,0.0127953348657271,0.780215703410337,98.8114360965131
"CUST-10691","Retail",61,0,1616.48,0,32.94,1,19,3529.7,857.56,0,0.242955,"non",7.38800622467942,8.16896816048015,0.134962368756927,0.805635606425475,383.786009840374
"CUST-10718","Retail",61,0,1574.94,0,19.47,0,21,22747.52,553.58,0,0.024336,"non",7.361972455296,10.032211407448,0.0377847479504538,0.980531328250288,842.775805081576
"CUST-10746","PME",61,0,22663.27,0,45.37,5,14,3741.74,2590.37,0,0.69229,"non",10.0285008313199,8.22730602285942,0.571404227725809,0.446167825663996,953.927359551485
"CUST-10787","Retail",61,0,2842.1,0,62.37,2,5,23592.19,19139.57,0,0.811267,"non",7.9522984945264,10.0686710040402,0.523026886301717,0.350986237394663,4330.9419149355
"CUST-10909","Retail",61,0,4352.7,0,21.16,0,10,77542.9,72175.81,1,0.930786,"non",8.37855162118975,11.2585866105771,0.0271076002035549,0.255371568512398,536.791530346046
"CUST-10977","PME",61,0,14971.77,0,40.76,3,19,5374.58,3147.74,0,0.585672,"non",9.61392170689724,8.58943571040793,0.208282406406793,0.531462551492396,594.935366271487
"CUST-10992","Retail",61,0,1685.6,0,8.12,0,3,14673.07,774.24,0,0.052766,"non",7.42987686248998,9.5937691198633,0.0326582072421345,0.957787157016221,458.967928638226
"CUST-10013","PME",60,0,15365.59,0,27.04,0,11,21891.37,21004.65,0,0.959495,"non",9.63988587278604,9.99384777421406,0.0155989296799435,0.232404367565849,79.3618945861643
"CUST-10063","PME",60,0,26572.44,0,18.58,0,15,30093.05,3936.17,0,0.1308,"non",10.1876298674317,10.3120495270662,0.00724240984899515,0.895360024989159,195.140316606048
"CUST-10083","Retail",60,1,3234.13,0,18.31,0,14,22676.96,7036.68,0,0.310301,"non",8.08151523722648,10.029104710057,0.0267479345794437,0.751759318709386,455.988517503478
"CUST-10129","Retail",60,0,3955.64,0,14.25,0,12,3788.22,2629.01,0,0.693996,"non",8.28289768759064,8.239651530761,0.0208618423642302,0.44480310013674,35.1524547258362
"CUST-10260","Retail",60,0,2664.57,0,45.52,3,8,7163.22,5971.3,1,0.833606,"non",7.88779797273722,8.87671487953105,0.541140729532726,0.333115554178149,1291.2591859964
"CUST-10263","Retail",60,0,2100.76,0,33.02,0,20,36426.74,2161.45,0,0.059337,"non",7.65005446300169,10.5030583993116,0.0555577310144321,0.95253047623806,1927.71881649174
"CUST-10302","Retail",60,0,3463.24,0,10.34,0,7,18709.46,9705.07,0,0.518725,"non",8.14995984607262,9.83678455728028,0.0213044437057365,0.585019770746991,233.185743354543
"CUST-10382","Retail",60,0,3504.38,0,7.72,0,14,2673.46,2923.45,0,1.093508,"oui",8.16176889366486,7.89112879261612,0.0165401303713606,0.125193569381999,5.5359816352944
"CUST-10396","Retail",60,0,5338.26,0,28.48,2,24,43891.84,46049.38,0,1.049156,"oui",8.58265503615934,10.6894837047928,0.109369375257317,0.160675332818127,771.309582424687
"CUST-10450","PME",60,0,25931.79,0,4.63,1,14,19963.62,5151.15,0,0.258027,"non",10.1632249081594,9.90166689614668,0.00927379829011285,0.793578519326655,146.922004170771
"CUST-10473","PME",60,0,22307.24,0,14.96,2,18,10350.57,10964.26,0,1.05929,"oui",10.0126665684335,9.24479686964085,0.0312720094924697,0.152567636371717,49.3835690541474
"CUST-10541","Retail",60,0,3535.85,0,1.01,1,5,55031.67,46559.07,0,0.846041,"non",8.17070900204327,10.9156641166767,0.0324930482053515,0.323166896443448,577.869821405928
"CUST-10651","PME",60,0,28274.06,0,41.18,3,13,6584.91,4624.35,0,0.702265,"non",10.2497000555157,8.79253594665801,0.168793324973256,0.438188221251315,487.041323677582
"CUST-10817","PME",60,0,27891.03,0,19.51,0,17,14407.43,15977.52,0,1.108978,"oui",10.2360604107392,9.57549932471842,0.0070158761096017,0.112817761391171,11.4037032508121
"CUST-10888","Retail",60,0,2277.44,0,25.91,0,20,4752.02,3739.52,0,0.786933,"non",7.73080728411091,8.46632506978783,0.0399368506362937,0.370453828056279,70.3049916075341
"CUST-10987","Retail",60,0,3459.96,0,37.7,2,19,2433.05,72.43,0,0.029769,"non",8.1490123072913,7.79690089333274,0.207344106605452,0.976184624237069,492.46423166325
"CUST-10000","PME",59,0,20691.81,0,5.26,0,20,15347.19,13353.82,0,0.870115,"non",9.93749324878858,9.63868767436822,0.00440887115614938,0.303908011824966,20.5635658610156
"CUST-10006","Retail",59,0,5611.1,0,35.84,2,11,35150.44,33339.8,0,0.948489,"non",8.63250205772725,10.4673924149414,0.173770211490616,0.241208929390358,1473.32811514434
"CUST-10042","Retail",59,0,500,0,56.41,0,9,17047.49,19277.33,0,1.130802,"oui",6.21460809842219,9.74375825779836,0.323199864649205,0.1,550.974646060868
"CUST-10114","Retail",59,0,2528.02,0,24.65,0,11,5559.83,5246.48,0,0.94364,"non",7.83519166662786,8.62332281123762,0.0424722934453345,0.245087709516298,57.8747007741112
"CUST-10143","Retail",59,0,2794.12,0,52.45,1,10,7029,18.06,0,0.002569,"non",7.93527248807143,8.85779972717591,0.230433295489831,0.997944515578318,1616.38633374478
"CUST-10152","Retail",59,0,5541.84,0,11.75,0,19,33028.57,18421.39,0,0.557741,"non",8.62008185456228,10.4051282234725,0.0133176377469487,0.553807143330759,243.599011507526
"CUST-10159","Retail",59,0,1310.75,0,35.53,0,23,2179.14,2062.12,0,0.9463,"non",7.17835477145264,7.6866855825365,0.0762606622885477,0.242960066815349,40.3757500846978
"CUST-10183","PME",59,0,17315.42,0,37.22,4,11,4743.24,5538.08,1,1.167573,"oui",9.7593527129674,8.46447572548291,0.35038873984987,0.1,166.19778864055
"CUST-10190","PME",59,0,22619.4,0,26.1,0,4,18674.31,17595.75,0,0.942244,"non",10.0265632241194,9.83490406152727,0.0135956289365177,0.246205080669647,62.5087591177166
"CUST-10208","Retail",59,0,2766.62,0,11.7,0,7,28462.21,28612.35,0,1.005275,"oui",7.92538163750444,10.2563325214751,0.0258259661709884,0.19577994821906,143.910806073584
"CUST-10261","Retail",59,0,3356.02,0,49.02,0,10,16285.91,15038.12,0,0.923382,"non",8.1185110270449,9.69805559579297,0.0946715524364325,0.261294210762555,402.866649639729
"CUST-10401","Retail",59,0,3933.1,0,16.77,0,8,9406.02,6939.06,0,0.737725,"non",8.27718319799213,9.14910518880509,0.0251018005303799,0.409819668680271,96.7617178340935
"CUST-10442","Retail",59,0,1329.77,0,19.65,5,22,2600.66,1386.86,0,0.533272,"non",7.19276127393045,7.86352053794994,0.696096541093454,0.5733821414564,1037.99967137541
"CUST-10477","PME",59,0,20832.32,0,19.53,1,11,13388.93,11686.89,0,0.872877,"non",9.94426090587342,9.50218352511133,0.0207693408052078,0.301698343332888,83.8960490966907
"CUST-10502","Retail",59,0,2640.7,0,54.16,0,7,21973.42,23410.08,0,1.065382,"oui",7.87879931250906,9.99758882008222,0.1378459180491,0.147694623777273,447.359077216154
"CUST-10584","Retail",59,0,4601,0,40.98,1,24,25386.42,2698.11,0,0.106282,"non",8.43402895015547,10.1419696643634,0.0929270362675739,0.914974699071393,2158.50287938474
"CUST-10628","Retail",59,0,1834.22,0,29.63,0,24,12510.84,805.12,0,0.064354,"non",7.51437460200172,9.43435074748972,0.0487853848536217,0.948516966087009,578.923672999406
"CUST-10631","Retail",59,0,2806.3,0,29.96,1,11,2860.23,2148.12,0,0.751031,"non",7.93962216870377,7.95865732016084,0.102924022014593,0.399175590774169,117.51185535081
"CUST-10677","Retail",59,0,2326.13,0,48.91,0,14,28660.97,4397.3,0,0.153425,"non",7.75196122145664,10.2632915458897,0.107738394404695,0.877260260207523,2708.88045650852
"CUST-10682","PME",59,0,31938.46,0,22.19,1,3,14259.73,11229.36,0,0.787488,"non",10.3715662052027,9.56519475970769,0.0208753370471713,0.370009951100056,110.143330092441
"CUST-10692","Retail",59,0,3398.64,0,35.51,0,10,15986.67,17075.97,0,1.068138,"oui",8.13113063058291,9.67951052898041,0.055816467966673,0.145489586011346,129.823187944877
"CUST-10823","Retail",59,0,1711.08,0,43.31,1,23,23664.76,10460.99,0,0.442049,"non",7.44488002908203,10.0717423007297,0.176175947104627,0.646360580035462,2694.78164928207
"CUST-10844","Retail",59,0,2518.07,0,30.3,2,6,17912.38,1957.85,0,0.109301,"non",7.83124801405903,9.79324737288161,0.233701774332913,0.912558800114781,3820.11257342323
"CUST-10963","PME",59,0,22967.5,0,7.51,0,15,17326.8,13957.85,0,0.805564,"non",10.0418354521456,9.76000971476517,0.00501534312908571,0.355548629868181,30.8971216535951
"CUST-10965","Retail",59,0,2671.58,0,3.44,1,4,30370.27,3304.12,0,0.108795,"non",7.89042533667284,10.3212194483526,0.0432314745933221,0.912964356260251,1198.6779720307
"CUST-10021","PME",58,0,17190.49,0,16.1,1,3,19991.53,11407.8,0,0.570632,"non",9.75211160291537,9.90306396283468,0.0237955592479001,0.543494669992742,258.545651940616
"CUST-10234","Retail",58,0,3879.44,0,36.37,0,3,6440.85,3548.85,0,0.550991,"non",8.26344609230385,8.77041579796644,0.0610141505594096,0.559207247490626,219.758937060365
"CUST-10301","PME",58,0,4795.11,0,19.1,0,16,43979.97,46102.95,0,1.048272,"oui",8.47535192761749,10.6914895819803,0.020875712981872,0.161382784026456,148.167669217264
"CUST-10336","Retail",58,0,1788.77,0,9.83,4,13,12540.52,12916.1,0,1.029949,"oui",7.48928351180047,9.43672028063179,0.406563222149018,0.176040546962965,897.545231745057
"CUST-10337","Retail",58,0,2185.94,0,40.92,0,19,19914.85,7402.7,0,0.371718,"non",7.6898012209673,9.89922096357633,0.075235962142955,0.702625929896534,1052.7534951181
"CUST-10647","Retail",58,0,4456.38,0,10.61,0,21,38252.76,24103.94,0,0.630123,"non",8.40209205624762,10.5519709935142,0.0139696216461481,0.495901681342732,264.998246535744
"CUST-10660","Retail",58,0,3108.04,0,26.14,1,6,14512.08,1406.73,0,0.096935,"non",8.04174758141759,9.58273668501888,0.0922063497970073,0.922451915921081,1234.3383740022
"CUST-10700","Retail",58,0,5520.39,0,48.05,0,18,32592.46,23267.73,1,0.713899,"non",8.61620378894931,10.39183625226,0.0588945536712861,0.428880667491806,823.244326114051
"CUST-10733","Retail",58,0,2082.13,0,46.91,0,23,4726.44,4962.38,0,1.049919,"oui",7.6411466871872,8.46092755540213,0.0903018693508389,0.160064657543521,68.3166150312062
"CUST-10798","Retail",58,0,4302.29,0,33.06,0,24,6520.86,7457.38,0,1.143619,"oui",8.36690271806243,8.78276154806291,0.0335445858746977,0.1,21.8739548246881
"CUST-10845","Retail",58,0,5848.12,0,58.6,2,13,19148.31,1128.84,0,0.058952,"non",8.67387552105493,9.85996974006173,0.336738264314156,0.952838031136952,6143.86977611869
"CUST-10847","Retail",58,0,2713,0,6.11,0,10,12504.9,7642.33,0,0.611147,"non",7.90581031265893,9.43387584647846,0.0196207766045616,0.511082535646027,125.397089627711
"CUST-10855","PME",58,0,20452.59,0,20.4,2,5,5397.05,2643.83,0,0.489866,"non",9.92586480381822,8.59360778698188,0.0526668721017353,0.608107392001186,172.851936901686
"CUST-10956","PME",58,0,10213.34,0,18.41,0,12,10364.62,12151.12,0,1.172365,"oui",9.23144998792772,9.24615336235508,0.0138043366563735,0.1,14.3076703795382
"CUST-10038","Retail",57,0,4458.39,0,49.32,1,17,4083.87,411.66,0,0.100801,"non",8.4025429932957,8.31480034724021,0.145545782469463,0.919358843449963,546.457753204462
"CUST-10126","Retail",57,0,3170.13,0,37.65,0,16,31915.85,35519.39,0,1.112908,"oui",8.06152787549418,10.3708580305801,0.0564168166357649,0.109673970770009,197.4779271092
"CUST-10135","PME",57,0,23476.84,0,14.8,0,12,29071.41,27426.53,0,0.943419,"non",10.0637696822615,10.2775104959886,0.00710529050439285,0.245264539972433,50.6620428803548
"CUST-10157","Retail",57,0,2320.67,0,41.23,0,6,33350.13,32577.08,0,0.97682,"non",7.7496112160711,10.4148169493871,0.0935872793128929,0.218543855751087,682.107703304523
"CUST-10195","PME",57,0,20416,0,8.58,1,7,15676.36,13126.7,0,0.837356,"non",9.92407418614452,9.65990912409793,0.0145474117093969,0.33011489912199,75.2828555961288
"CUST-10212","PME",57,0,18674.28,0,51.42,0,12,7150.94,4049.75,0,0.566324,"non",9.83490245504092,8.87499909557829,0.0365444895015249,0.546940681924334,142.930614668994
"CUST-10220","Retail",57,0,4966.73,0,28.13,0,22,3655.3,3331.71,0,0.911474,"non",8.51051695486199,8.20393344815892,0.0262008712720454,0.270820999644352,25.9370809000784
"CUST-10284","Retail",57,0,4475.77,0,23.62,2,5,11345.25,5877.74,0,0.518079,"non",8.40643368294623,9.33655443311042,0.141219097057764,0.585536502060334,938.126652462354
"CUST-10364","Retail",57,0,4691.69,0,30.51,0,7,26460.15,10215.85,1,0.386084,"non",8.45354813768443,10.1833951065871,0.040023446393312,0.691132514365943,731.927575214301
"CUST-10436","PME",57,0,30750.48,1,26.34,0,10,5264.33,3403.83,0,0.646584,"non",10.3336608828689,8.56870916100982,0.0100735888452392,0.482733035353027,25.5996688303856
"CUST-10461","Retail",57,0,3107.31,0,9.23,0,14,7631.87,2265.3,0,0.296821,"non",8.04151267911817,8.94008817944007,0.0189429270396777,0.762543125079437,110.240826487919
"CUST-10485","Retail",57,0,3426.65,0,59.19,1,10,2039.53,1533.23,0,0.751757,"non",8.13933838651599,7.62047466813705,0.258669243564295,0.398594774286233,210.284126878619
"CUST-10506","Retail",57,0,4134.69,0,32.05,0,8,5431.45,2970.37,0,0.546883,"non",8.32716763487716,8.59996141227128,0.0450239000715646,0.56249325686511,137.554948399241
"CUST-10536","Retail",57,0,4447.93,0,24.16,0,17,73823.88,66487.91,0,0.900629,"non",8.40019409839651,11.2094375354845,0.0263236800528257,0.27949698661192,543.151021201341
"CUST-10574","Retail",57,0,2900.33,0,22.38,0,13,14769.81,6041.62,0,0.409052,"non",7.97257980260407,9.60034051152935,0.0343439925916814,0.672758417339153,341.259563203138
"CUST-10589","Retail",57,0,4516.36,0,7.61,0,4,3800.44,2938.65,0,0.773239,"non",8.41546163865569,8.24287212848508,0.0171849469963638,0.381408468493122,24.9099243701693
"CUST-10659","Retail",57,0,5005.68,0,43.55,3,2,10245.48,4604.76,0,0.449443,"non",8.51832854665649,9.23459191169846,0.452597719653174,0.640445542814978,2969.79778431208
"CUST-10711","Retail",57,0,3899.92,0,26.4,0,17,5870.84,1471.62,0,0.250666,"non",8.26871131908683,8.67775300309531,0.0312160926037688,0.799467197198357,146.514104143864
"CUST-10745","Retail",57,0,2522.81,0,50.48,1,23,20855.64,3741.72,0,0.17941,"non",7.83312863863133,9.94537969424457,0.184401357752738,0.856471630695582,3293.82573413785
"CUST-10801","Retail",57,0,4827.87,0,28.57,0,21,38003.65,41357.37,0,1.088247,"oui",8.48216065559144,10.5454374867273,0.0276755491223825,0.129402149530374,136.101542398793
"CUST-10802","Retail",57,0,3528.22,0,19.32,0,20,2123.86,1234.74,0,0.581366,"non",8.16854877345913,7.66099046681845,0.0234793743027518,0.53490719727289,26.6741658053787
"CUST-10839","PME",57,0,25419.43,0,50.26,0,2,6479.29,5870.07,0,0.905974,"non",10.1432691212033,8.77636621544208,0.0351954134097648,0.275220587440908,62.7616578363485
"CUST-10960","Retail",57,0,2206.32,0,21.07,0,14,11537.35,12536.05,0,1.086562,"oui",7.69908124822361,9.35334487764317,0.0376855527363381,0.130750128929087,56.8490331582934
"CUST-10993","Retail",57,0,2689.36,0,36.6,0,19,37523.54,37670.35,0,1.003912,"oui",7.89705852607324,10.5327237483497,0.0563375746445446,0.196870018127288,416.180311668659
"CUST-10999","Retail",57,0,2644.99,0,6.45,1,10,19042.16,1499.64,0,0.078754,"non",7.88042256356692,9.85441074728907,0.0436585231268807,0.936997063358359,778.974928648166
"CUST-10012","Retail",56,0,3835.93,0,12.54,1,5,11079.7,6298.94,1,0.568512,"non",8.25216718766165,9.31286988412244,0.0490505418864637,0.545190573751997,296.292152691194
"CUST-10061","PME",56,0,26462.47,0,39.87,0,1,21175.69,23518.47,0,1.110635,"oui",10.1834827817627,9.96060910458558,0.02301054973815,0.11149171526406,54.3259290244946
"CUST-10075","Retail",56,0,4336.25,0,22.65,3,9,33277.92,34906.03,0,1.048925,"oui",8.37476519828396,10.4126493929819,0.247489857932344,0.160860294153,1324.8369685382
"CUST-10164","Retail",56,0,3185.28,0,19.12,3,10,33384.63,7778.06,0,0.232983,"non",8.06629547623013,10.4158508934089,0.252319124198232,0.813613390353585,6853.53797355298
"CUST-10250","Retail",56,0,3671.69,0,20.77,0,12,19562.71,20024.71,0,1.023616,"oui",8.20840732551864,9.88138048204917,0.0284511095433642,0.181106912079155,100.800630947786
"CUST-10300","Retail",56,1,3234.13,0,22.98,0,22,16139.28,13148.41,0,0.814684,"non",8.08151523722648,9.68901133116347,0.0276124680356697,0.348252958000605,155.197312442819
"CUST-10317","Retail",56,0,3445.86,0,23.43,0,21,2515.6,1698.5,0,0.675187,"non",8.14492878944889,7.83026662266935,0.0275933196772468,0.459850532676101,31.9199522026391
"CUST-10411","PME",56,0,17346.06,0,31.04,0,1,3676.12,969.98,0,0.26386,"non",9.76112067024914,8.20961312712122,0.0207963233877254,0.788912222669554,60.3121661243845
"CUST-10503","Retail",56,0,3073.31,0,64.24,3,20,4232.3,3523.43,0,0.83251,"non",8.03051043566282,8.35050085949448,0.64850144944912,0.333992391843678,916.6931148775
"CUST-10510","Retail",56,0,2720.59,0,5.04,0,21,22684.53,23202.61,0,1.022838,"oui",7.90860404753279,10.029438473347,0.0150675912049479,0.181729222514198,62.1152708221079
"CUST-10569","PME",56,0,10528.37,0,21.12,0,3,6372.44,6015.48,0,0.943984,"non",9.26182879732445,8.7597377207489,0.0181085208425827,0.244812975877372,28.2503065915962
"CUST-10572","PME",56,0,16345.86,0,24.46,0,23,6609.02,1036.54,0,0.156837,"non",9.7017299332529,8.7961906616423,0.0106285399342269,0.874530263185767,61.4307075693653
"CUST-10581","Retail",56,0,3342.35,0,2.77,0,1,4103.46,328.92,0,0.080157,"non",8.11442943137973,8.31958579924597,0.0180047528739997,0.935874603383486,69.14408457609
"CUST-10607","Retail",56,0,1601.52,0,7.31,0,6,24119.41,24654.96,0,1.022204,"oui",7.37870845726346,10.0907721895138,0.0307443350747842,0.182236713087095,135.134941649779
"CUST-10625","Retail",56,0,3293.89,0,31.13,0,13,30255.33,21326.93,0,0.704898,"non",8.09982451613021,10.317427646285,0.0451451966785681,0.436081378058015,595.636063904938
"CUST-10672","Retail",56,0,4869.27,0,11.66,0,17,21036.04,9107.47,0,0.432946,"non",8.49069930751031,9.95399243620961,0.0149549580726622,0.653643176187153,205.631630616422
"CUST-10712","Retail",56,0,2892.98,0,23.55,0,22,2046.9,1903.98,0,0.930177,"non",7.97004239171339,7.62408173248949,0.0302357030242637,0.255858126923641,15.8349214450553
"CUST-10739","Retail",56,0,2843.35,1,26.34,0,23,15304.12,5785.99,0,0.378067,"non",7.95273821346515,9.63587735217665,0.0335282485550258,0.697546020287347,357.925050590426
"CUST-10747","Retail",56,0,4955.69,0,15.48,1,23,22771.98,17966.93,0,0.788993,"non",8.50829169034877,10.033286111799,0.0333652035345142,0.368805698933514,280.215526511592
"CUST-10929","Retail",56,0,2861.83,0,13.22,0,16,34931.98,934.85,0,0.026762,"non",7.95921655933054,10.4611580209925,0.0225318121109405,0.978590391956024,770.229718381602
"CUST-10981","Retail",56,0,2137.67,0,27.2,0,5,7466.97,5434.08,0,0.727749,"non",7.66747172981214,8.91824457334985,0.0582426811581423,0.417800794699858,181.700041865143
"CUST-10058","Retail",55,0,3717.66,0,70.39,3,9,3247.29,1677.25,0,0.516508,"non",8.22084971708533,8.08557608132685,0.725484272688758,0.586793911230595,1382.4030267657
"CUST-10109","Retail",55,0,3832.91,0,5.46,1,11,19845.02,16957.1,0,0.854476,"non",8.25137958480225,9.89570837302719,0.0329205513606726,0.316418930290824,206.719334981126
"CUST-10110","Retail",55,0,800,0,33.4,0,3,23772.69,16544.71,0,0.695954,"non",6.68461172766793,10.0762927218099,0.13356615804215,0.443236419605859,1407.37618912981
"CUST-10127","Retail",55,0,3831.74,0,4.96,0,7,17798.75,11127.59,0,0.625189,"non",8.25107428710201,9.7868835090952,0.0160709232786244,0.499848472505092,142.977829572626
"CUST-10132","PME",55,0,18279.34,0,6.75,2,12,5378.22,5299.34,0,0.985333,"non",9.81352673932352,8.59011274339265,0.0284923243792125,0.211733250034398,32.4455774021795
"CUST-10134","Retail",55,0,3245.09,0,40.39,0,12,25275.95,2194.41,0,0.086818,"non",8.08489836373047,10.1376086297303,0.0668201736858948,0.930545518566068,1571.63868320554
"CUST-10273","Retail",55,0,3013.82,0,29.88,0,15,17622.29,12945.32,0,0.734599,"non",8.01096365610246,9.77691985699311,0.0435812724941951,0.412320646181626,316.663007706086
"CUST-10288","Retail",55,0,3649.18,0,14.33,2,2,4620.82,1516.57,0,0.328204,"non",8.20225776380301,8.43832745750393,0.118823464310282,0.737437078267494,404.898559339001
"CUST-10304","PME",55,0,10472.76,0,2.99,0,21,11261.83,10328.17,0,0.917095,"non",9.25653287944067,9.32917441069087,0.00600879761467262,0.266323856779937,18.0221506329019
"CUST-10307","Retail",55,0,4465.32,0,48.13,4,22,69479.37,74380.06,0,1.070534,"oui",8.40409615927557,11.1487851529564,0.613541866283482,0.143572430204822,6120.27767665868
"CUST-10314","PME",55,0,13444.28,0,45.92,2,9,10720.2,5503.84,0,0.513408,"non",9.5063090157629,9.27988509116718,0.161704298320748,0.589273334452715,1021.50675064235
"CUST-10353","PME",55,0,24241.14,0,29.95,1,24,9174.17,9973.63,0,1.087142,"oui",10.0958064687804,9.12414720561547,0.0223774637561307,0.130286009524567,26.7470215939353
"CUST-10362","PME",55,0,15941.44,0,33.28,0,6,4157.04,2762.78,0,0.664603,"non",9.67667728703429,8.33255856153013,0.0217326665900075,0.468317841541096,42.3095030400919
"CUST-10370","Retail",55,0,3190,0,21.4,1,20,4051.9,3043.04,0,0.751016,"non",8.06777619577889,8.30694118589326,0.0582144733213578,0.399187541647128,94.1600477341499
"CUST-10405","Retail",55,0,2092.78,0,42.48,0,10,15571.2,15661.37,0,1.005791,"oui",7.64624860464229,9.65317833314915,0.0966712528392582,0.195367344841759,294.084004947319
"CUST-10449","Retail",55,0,1799.52,0,20.9,0,14,11113.31,12120.9,0,1.090665,"oui",7.49527524165571,9.31589876805439,0.0423034680404034,0.127467874107714,59.926669791355
"CUST-10532","PME",55,0,25292.21,0,28.62,0,10,23945.54,18715.91,0,0.781603,"non",10.1382517221648,10.0835373642034,0.0124862770531171,0.374717463043222,112.037016577534
"CUST-10552","Retail",55,0,2280.45,0,22.5,0,13,10206.56,2477.42,0,0.242728,"non",7.73212807089495,9.23078592980313,0.0398876977653843,0.805817435061372,328.061316345926
"CUST-10577","Retail",55,0,800,0,39.3,1,22,10035.38,9196.19,0,0.916377,"non",6.68461172766793,9.21387212797736,0.229053633691387,0.266898513060791,613.503665980755
"CUST-10579","Retail",55,0,3248.69,0,13.88,2,13,25048.6,10556.99,0,0.42146,"non",8.08600711714337,10.1285732167277,0.102291351715078,0.662831775029343,1698.34413085625
"CUST-10595","Retail",55,0,3307.44,0,18.19,0,10,15596.23,16651.82,0,1.067682,"oui",8.103929755235,9.65478449736487,0.0284060324845723,0.145854094226618,64.6173041390604
"CUST-10621","PME",55,0,15695.39,0,43.13,0,22,7222.94,7528.86,0,1.042354,"oui",9.66112231764525,8.88501735121862,0.0238785626856277,0.166116844387465,28.6507411954758
"CUST-10635","PME",55,0,24863.86,0,31.64,1,12,3226.73,2744.25,0,0.850474,"non",10.1211706225209,8.07922451950906,0.0298873723819282,0.319620792567088,30.823743758654
"CUST-10713","Retail",55,0,4330.47,0,56.68,2,13,7425.53,3859.02,0,0.519696,"non",8.37343136014059,8.91267934159482,0.361266028901989,0.58424301026324,1567.2854709099
"CUST-10759","Retail",55,0,3706.46,0,37.95,0,22,8552.15,7108,0,0.831136,"non",8.21783252218639,9.05393799230784,0.0463757093991019,0.335091175903135,132.901189210476
"CUST-10788","Retail",55,0,4121.26,0,40.43,0,13,23374.69,10013.26,0,0.42838,"non",8.32391422083128,10.0594090920369,0.0570735229391639,0.657295647557251,876.882286466195
"CUST-10933","PME",55,0,9861.35,0,18.02,2,3,25813.81,25773.77,0,0.998449,"non",9.19637835506013,10.1586648990209,0.0764189870506899,0.201240886176818,396.980895417002
"CUST-10957","Retail",55,0,4723.66,0,4.22,0,20,16778.33,12928.63,0,0.770555,"non",8.46033920182276,9.72784345182648,0.010570518006277,0.383555812765633,68.0257864110629
"CUST-10073","Retail",54,0,3837.34,0,20.33,2,10,46552.41,27039.82,0,0.580847,"non",8.25253469721517,10.7483340536529,0.124881357843043,0.535322532173952,3112.11262172088
"CUST-10121","PME",54,0,18709.12,0,28.15,0,9,29813.57,5082.44,0,0.170474,"non",9.83676638449018,10.302718937972,0.0150482183650468,0.863620760613372,387.45577804381
"CUST-10237","PME",54,0,24839.93,0,35.89,1,8,18321.67,444.91,0,0.024283,"non",10.120207718008,9.8158397912788,0.0383622438298834,0.980573386596309,689.206175188777
"CUST-10342","PME",54,0,13619.87,0,37.18,1,10,13454.44,3730.15,0,0.277243,"non",9.51928503487087,9.50706444207933,0.0555975622307449,0.778205558908435,582.124267775813
"CUST-10423","PME",54,0,10573.96,0,72.29,0,8,9083.39,2337.61,0,0.25735,"non",9.26614965392461,9.11420274993593,0.122767798905728,0.79412003668234,885.561209382289
"CUST-10469","Retail",54,0,2226.7,0,43.52,0,3,53265.94,46367.71,0,0.870495,"non",7.70827594781041,10.8830523815006,0.110194663668537,0.303604367068337,1782.04297646427
"CUST-10511","Retail",54,0,3276.22,0,26.16,1,23,11513.39,10452.58,0,0.907863,"non",8.09444559778531,9.35126598485021,0.0652046278542466,0.273709654584792,205.481039077411
"CUST-10561","PME",54,0,14613.87,0,19.2,1,8,19843.2,21834.95,0,1.100374,"oui",9.58972635673202,9.89561665815556,0.0269981294210974,0.119700451540074,64.1270369261672
"CUST-10786","Retail",54,0,4227.16,0,39.94,1,13,17486.8,18401.41,0,1.052303,"oui",8.34928565175485,9.76920158958072,0.114424752339035,0.158157696090766,316.461333651003
"CUST-10819","Retail",54,0,2408.83,0,33.27,0,1,40257.17,27749.84,1,0.689314,"non",7.78689643142408,10.6030434036282,0.0741758469834423,0.448548618792627,1339.41537338242
"CUST-10825","Retail",54,0,1783.45,0,12.53,1,12,5962.1,288.17,0,0.048334,"non",7.48630496964286,8.69317804699235,0.067389690126865,0.961333087334999,386.248321902295
"CUST-10846","Retail",54,0,3389.85,0,5.13,0,11,22924.27,9208.5,0,0.401692,"non",8.12854095160792,10.0399514536515,0.0161161539865359,0.678646255693202,250.726582160912
"CUST-10849","PME",54,0,18652.56,0,11.3,0,24,43313.63,13912.34,0,0.3212,"non",9.83373868106748,10.676222645058,0.00557309144881837,0.74303996224745,179.36302650064
"CUST-10854","Retail",54,0,4817.35,0,6.35,3,4,6805.89,4337.61,0,0.637332,"non",8.47997926332219,8.82554369272043,0.147366596644659,0.490134574611109,491.585787820448
"CUST-10872","PME",54,0,18471.05,0,20.99,0,18,30160.94,12027.34,0,0.398772,"non",9.82395992052168,10.314302988745,0.00943948866508211,0.680982356650688,193.878299577351
"CUST-10913","Retail",54,0,3658.99,0,7.77,2,1,2603.77,1759.73,0,0.675839,"non",8.20494243202832,7.86471567377468,0.0946444737533965,0.459328588930666,113.19346558643
"CUST-10984","Retail",54,1,3234.13,0,50.06,0,1,5444.65,5981.32,0,1.098568,"oui",8.08151523722648,8.60238875414588,0.118209466253994,0.121145344512503,77.9702546843372
"CUST-10996","Retail",54,0,2811.16,0,21.2,0,22,7676.28,6152.7,0,0.801521,"non",7.94135248853251,8.94589033379425,0.0279789844647778,0.358783160593412,77.0574806941339
"CUST-10024","Retail",53,0,3515.61,0,23.75,0,6,38956.48,45204.4,0,1.160382,"oui",8.16496833115112,10.5702004045988,0.0370345646961369,0.1,144.273627889376
"CUST-10111","Retail",53,0,3404.34,0,18.09,0,19,10729.48,1145.95,0,0.106804,"non",8.13280636719653,9.28075037219505,0.0232821700887001,0.914556903037239,228.461416072789
"CUST-10122","PME",53,0,14398.44,0,37.16,0,17,23516.06,19888.83,0,0.845755,"non",9.57487514636228,10.0654388709732,0.0217930399767779,0.323395840969958,165.735981851236
"CUST-10184","Retail",53,0,1777.11,0,53.14,0,16,9842.81,1808.48,0,0.183736,"non",7.48274372832096,9.19449651838489,0.140640573875204,0.853011081185149,1180.82191491114
"CUST-10196","Retail",53,0,4051.22,0,30.89,3,2,6606.12,651.89,0,0.09868,"non",8.30677334930646,8.79575177109002,0.3577971879276,0.921056232705431,2177.05563204178
"CUST-10222","Retail",53,0,2108.42,0,17.32,0,5,9168.13,10703.13,0,1.167428,"oui",7.65369413080212,9.12348861860966,0.039701541018864,0.1,36.3988889261278
"CUST-10243","PME",53,0,23754.3,0,13.4,0,4,27164.32,5271.38,0,0.194055,"non",10.0755188457063,10.2096596264617,0.00781635341152897,0.844755767860193,179.363550066692
"CUST-10259","PME",53,0,20491.83,0,32.67,0,13,3785.83,1142.62,0,0.301815,"non",9.92778154910432,8.2390204284896,0.0158136236643686,0.758548059474409,45.4125207401718
"CUST-10295","Retail",53,0,3055.46,0,28.12,0,10,11507.19,8565.2,0,0.744335,"non",8.02468543310217,9.35072733637568,0.0443896146218308,0.404532296764023,206.634987753061
"CUST-10318","Retail",53,0,3279.62,0,30.46,0,7,15489.88,8904.34,0,0.574849,"non",8.0954828410081,9.6479421864474,0.0494745832594233,0.54012090474555,413.924549178305
"CUST-10320","Retail",53,0,3185.04,0,38.09,1,22,8368.56,6150.79,0,0.734988,"non",8.0662201267971,9.03223710567167,0.106382807611235,0.412009712543138,366.800261081391
"CUST-10329","PME",53,0,14368.98,0,16.37,0,8,3843.96,2008.34,0,0.522466,"non",9.57282699534293,8.25425836420878,0.0111349375985476,0.582026868125579,24.9120622699794
"CUST-10345","PME",53,1,18930.14,0,21.84,0,3,16546.66,16883.52,0,1.020358,"oui",9.84851063984427,9.71393954774947,0.0129952573973945,0.18371345032774,39.5035552279254
"CUST-10348","Retail",53,0,2162.28,0,11.76,0,17,28120.83,19919.64,0,0.708359,"non",7.67891849952672,10.2442658618475,0.0247055027052935,0.43331288585721,301.039465713321
"CUST-10371","Retail",53,0,3533.44,0,17.88,0,22,22148.07,10874.09,0,0.490972,"non",8.17002717965562,10.0055056384941,0.0212653012319122,0.607222119128213,285.992740677138
"CUST-10375","Retail",53,0,2350.39,0,17.78,0,8,12330.06,8104.4,0,0.657288,"non",7.7623365508156,9.4197954623266,0.0357325215074753,0.474169630966921,208.911616294315
"CUST-10397","Retail",53,0,1414.8,0,15.06,5,22,21218.81,3425.37,1,0.161431,"non",7.25474345733133,9.96264333142489,0.645406656757269,0.870855340143957,11926.1559425824
"CUST-10437","PME",53,0,24153.87,0,32.86,0,18,17394.75,9312.06,0,0.535337,"non",10.0921998946895,9.7639237155368,0.0130354883324771,0.571730090975725,129.639261086295
"CUST-10504","PME",53,0,23475.95,0,21.51,0,9,52799.67,25003.54,0,0.473555,"non",10.0637317718412,10.8742602196748,0.00995427921635978,0.621156117074217,326.468882865719
"CUST-10533","PME",53,0,31694.59,0,15.98,0,8,5758.63,1064.72,0,0.184891,"non",10.3639012828403,8.65845487817758,0.00670933746638823,0.852087041535921,32.9217393842969
"CUST-10534","Retail",53,0,2974.27,0,9.3,0,17,6710.19,5206.05,0,0.775842,"non",7.99775390971833,8.81138254551119,0.0183868079322535,0.379326069753613,46.8008615703615
"CUST-10540","PME",53,0,23353.91,0,47.61,1,16,4383.12,2145.24,0,0.489432,"non",10.0585197008987,8.3855160785519,0.0543329047882619,0.608454251765865,144.90194510115
"CUST-10699","Retail",53,0,1959.83,0,31.46,0,7,6882.48,5920.02,0,0.860158,"non",7.58061301376901,8.83673433109173,0.0696633808496805,0.311873626948425,149.529939112129
"CUST-10751","Retail",53,0,2728.04,0,44.91,0,21,49195.46,14558.95,0,0.295941,"non",7.91133868161245,10.8035566217999,0.0743443755855795,0.763247258995037,2791.50491780001
"CUST-10771","Retail",53,0,3373.53,0,45.68,0,7,11554.63,11774.9,0,1.019063,"oui",8.1237149528692,9.35484150142558,0.0879002109339969,0.184749316940482,187.641459282912
"CUST-10785","PME",53,0,14770.24,0,48.33,0,15,2489.55,1916.43,0,0.76979,"non",9.6003696245471,7.81985725023484,0.0350739091843548,0.384168223172862,33.544897187372
"CUST-10856","Retail",53,0,3928.73,0,3.14,0,23,10755.09,3534.24,0,0.328611,"non",8.27607149742112,9.28313440986765,0.0106718735545042,0.737111265456635,84.6033906342962
"CUST-10151","Retail",52,0,3804.42,0,21.47,0,20,2770.42,1672.98,1,0.603872,"non",8.24391882766517,7.92675421223628,0.0244706807986438,0.516902130362905,35.0428958481667
"CUST-10154","Retail",52,0,3609.75,0,45.04,0,14,6249.15,3700.75,0,0.592201,"non",8.19139379685133,8.74020073348161,0.0724237386584834,0.526239568581327,238.169085765355
"CUST-10166","PME",52,0,15954.81,0,42.17,0,4,6638.16,7771.47,0,1.170727,"oui",9.6775156301488,8.80059009563511,0.0323914617592713,0.1,21.5019705791925
"CUST-10201","Retail",52,0,800,0,29.17,0,1,15119.98,10905,0,0.721231,"non",6.68461172766793,9.62377232698133,0.118630081790361,0.423015109808346,758.755630529511
"CUST-10202","Retail",52,0,2883.65,0,36.47,3,12,9703.77,3812.15,0,0.392852,"non",7.96681213181691,9.18026974877663,0.415289783640903,0.685718025056241,2763.35898483575
"CUST-10221","Retail",52,0,4918.71,0,28.25,0,12,6067.61,6210.69,0,1.023581,"oui",8.50080157998525,8.71072006681425,0.0322275567209265,0.181135241058671,35.419954034588
"CUST-10228","Retail",52,0,2205.03,0,24.2,1,5,7756.23,9249.52,0,1.192528,"oui",7.69849639323057,8.95625167038392,0.105945839939397,0.1,82.1740302113149
"CUST-10230","PME",52,0,13234.15,0,35.29,0,12,16762.31,19159.15,0,1.14299,"oui",9.49055588894936,9.72688819270094,0.0234727545307896,0.1,39.3457587999
"CUST-10256","PME",52,0,2215.36,0,38.54,0,24,33835.46,2030.89,0,0.060023,"non",7.70317019748966,10.4292646439633,0.0619519355872339,0.951981973940948,1995.51818531262
"CUST-10285","Retail",52,0,2785.39,0,22.35,0,3,3390.32,1842.97,0,0.543598,"non",7.93214317846391,8.12867959119978,0.0426896040167091,0.565121876401048,81.7908906781896
"CUST-10373","Retail",52,0,2522.16,0,45.93,0,5,6575.97,6784.26,0,1.031674,"oui",7.83287095622545,8.79117737468181,0.108439255881663,0.174660468341553,124.549208613955
"CUST-10386","PME",52,0,19305.11,0,28.21,5,1,12203.74,12758.09,0,1.045425,"oui",9.8681251066878,9.40949774111929,0.484073755507357,0.163660320524691,966.825021514667
"CUST-10425","PME",52,0,12417.57,0,7.77,0,17,24876.16,26611.14,0,1.069745,"oui",9.42686768417117,10.1216651941053,0.00713790720713223,0.14420425017366,25.6054433529707
"CUST-10446","PME",52,0,14566.18,0,14.79,1,9,5713.37,1681.72,0,0.294348,"non",9.58645768224647,8.65056432119936,0.022174337463132,0.764521464564696,96.8573729929357
"CUST-10470","PME",52,0,16406.09,0,50.05,0,13,10661.3,874.42,1,0.082018,"non",9.70540788634553,9.2743756415039,0.0366765336931965,0.934385487698498,365.362972989672
"CUST-10515","Retail",52,0,3104.06,0,47.81,0,4,19392.96,18062.26,0,0.931382,"non",8.0404662110132,9.87266539259421,0.105444162423301,0.254894147154431,521.226522371064
"CUST-10526","Retail",52,0,2785.31,0,21.99,0,2,7496.43,7806.01,0,1.041297,"oui",7.93211445675928,8.92218218620044,0.0429045163448533,0.166962407439274,53.700236556578
"CUST-10585","PME",52,0,15510.39,0,41.79,0,2,22137.32,7737.59,0,0.349527,"non",9.64926540092215,10.0050201510586,0.0337432140756719,0.720378437859687,538.11140318183
"CUST-10588","Retail",52,0,3317.88,0,33.32,0,5,13440.34,9611.35,0,0.715112,"non",8.10708130373109,9.50601591137621,0.0571458474890621,0.427910305840477,328.660626829943
"CUST-10704","Retail",52,0,3629.67,0,17.84,0,9,3445.19,887.84,0,0.257704,"non",8.19689701403551,8.1447343343217,0.0269922368006895,0.793836624395171,73.8215542864681
"CUST-10730","Retail",52,0,1478.6,0,23.33,0,8,18753.8,17363.31,0,0.925856,"non",7.298850973123,9.83915167753111,0.0587272057991804,0.259315552048118,285.599328336696
"CUST-10774","Retail",52,1,3234.13,0,34.41,0,12,31242.63,13476.01,0,0.431334,"non",8.08151523722648,10.3495387873499,0.052977909407342,0.654932763342907,1084.02455222516
"CUST-10818","Retail",52,0,2247.55,0,65.87,0,13,3575.92,3326.96,1,0.930379,"non",7.71759601303936,8.18197776467851,0.203229499900154,0.255696995458511,185.823299692705
"CUST-10892","PME",52,0,28199.42,0,35.25,1,12,12162.55,6328.75,0,0.520347,"non",10.2470566893388,9.40611683748273,0.0320333739810009,0.583722163526563,227.422540246815
"CUST-10896","PME",52,0,2956.72,0,66.57,0,5,16224.18,10295.32,1,0.634566,"non",7.99183582480428,9.69425800100392,0.206378918147944,0.492346855126114,1648.539113368
"CUST-10077","PME",51,0,24957.1,0,2.28,0,23,45083.65,2460.84,0,0.054584,"non",10.1249136298358,10.7162749320455,0.00326356116975187,0.956332905609905,140.708368035506
"CUST-10270","Retail",51,0,2671.78,0,47.67,0,8,2665.5,28.81,0,0.010808,"non",7.89050019593746,7.88814693626282,0.106116612151969,0.991353217032452,280.408054014195
"CUST-10369","Retail",51,0,4456.62,0,48.92,0,24,12706.77,11844.26,0,0.932122,"non",8.40214591016887,9.44989020128102,0.061659198582838,0.254302391559775,199.243191251037
"CUST-10380","PME",51,0,10947.61,0,33.67,0,16,24208.93,6053.7,0,0.250061,"non",9.30087644658123,10.0944768523424,0.0228022304530631,0.799951505498178,441.587310887106
"CUST-10512","Retail",51,0,2877.11,0,38.65,0,12,24913.32,18251.89,0,0.732616,"non",7.96454159709245,10.1231578791826,0.0669974807353045,0.413907419805951,690.865157826158
"CUST-10548","Retail",51,1,3234.13,0,44.31,0,6,4984.52,3573,0,0.716819,"non",8.08151523722648,8.51409238889327,0.0870678914204188,0.426544582025952,185.116785306781
"CUST-10616","Retail",51,0,1805.16,0,62.07,0,20,6214.64,6636.72,0,1.067917,"oui",7.49840450949773,8.73466307789062,0.178161915301744,0.145666362009706,161.283568093718
"CUST-10633","Retail",51,0,2480.51,0,13.11,0,14,31819.77,10713.98,0,0.336708,"non",7.81621946317825,10.3678430737073,0.0254629029389925,0.73063337667117,591.97648878682
"CUST-10674","Retail",51,0,3082.68,0,14.58,0,1,3584.43,657.62,0,0.183466,"non",8.03355462749421,8.18435474457665,0.0305706436556394,0.853227430860695,93.4952388939263
"CUST-10722","Retail",51,0,3857.86,0,28.42,1,16,18241.3,7004.9,0,0.384013,"non",8.257867904575,9.81144353301842,0.0738219744051546,0.692789439349169,932.916342908212
"CUST-10796","PME",51,0,33303.22,0,45.69,2,22,6119.05,6838.16,1,1.11752,"oui",10.4134093679904,8.71916213469897,0.0768894201592296,0.105984098838872,49.8644805405039
"CUST-10821","Retail",51,0,3349.33,0,0.59,0,5,5821.39,6456.97,0,1.10918,"oui",8.11651560481645,8.66929434382487,0.0151889264570403,0.112655912075982,9.96111061549744
"CUST-10883","Retail",51,0,1754.53,0,6.41,0,17,20211.95,17805.71,0,0.88095,"non",7.46995629376566,9.91402929263079,0.0225822654766984,0.295240291015958,134.757004524872
"CUST-10020","PME",50,0,6685.12,0,17.51,0,14,19835.69,5093.97,0,0.256808,"non",8.80763944001068,9.89523811933607,0.016598869624363,0.794553353072164,261.606717098947
"CUST-10156","PME",50,0,25248.79,0,34.71,1,3,9900.46,6095.55,0,0.615684,"non",10.1365335127632,9.2003364996897,0.0399321691335012,0.507453189043741,200.620016370093
"CUST-10179","Retail",50,0,4046.48,0,36.35,0,20,19419.8,4003.33,0,0.206147,"non",8.3056026463806,9.87404844313111,0.0429189185442444,0.835082544619409,696.021939004933
"CUST-10271","PME",50,0,22784.52,0,13.69,1,13,8426.66,2381.09,0,0.282566,"non",10.033836636985,9.03915576845313,0.0148778287770668,0.773946973059314,97.0300451843287
"CUST-10335","PME",50,0,19189.21,0,70.37,2,21,3696.18,464.93,1,0.125787,"non",9.86210342087973,8.21505513287441,0.251091583297125,0.899370701643318,834.687680493303
"CUST-10344","Retail",50,0,1706.86,0,37.74,0,21,8238.98,6971.3,0,0.846136,"non",7.44241070419961,9.01663182883358,0.0739872300244548,0.323090965143743,196.949567091297
"CUST-10358","PME",50,0,23233.4,0,47.21,0,1,5748.54,5682.25,0,0.988468,"non",10.0533461775168,8.65670118850654,0.0335196193719138,0.209225298945471,40.3153870033755
"CUST-10447","PME",50,0,19392.51,0,31.9,0,24,20374.5,17226.71,0,0.845503,"non",9.87264218802817,9.92203939793066,0.0127311245933208,0.323597241650102,83.9379849522102
"CUST-10455","Retail",50,0,2447.03,0,30.65,0,14,46363.05,48683.12,0,1.050041,"oui",7.80263032327761,10.7442580847633,0.0518586623151477,0.159966913307041,384.612569428057
"CUST-10493","Retail",50,0,800,0,28.47,1,6,11829.51,13805.24,0,1.167017,"oui",6.68461172766793,9.37835253599625,0.207330077029382,0.1,245.261321951984
"CUST-10505","Retail",50,0,2559.98,0,34.15,0,9,27808.22,12429.24,0,0.446963,"non",7.84775472494309,10.2330869394262,0.0637205964741732,0.642429756381387,1138.35749606851
"CUST-10597","Retail",50,0,3026.97,0,21.47,0,22,8798.02,2129.47,0,0.24204,"non",8.01531739816983,9.08228197515,0.0270420570030636,0.806368251038302,191.848359053043
"CUST-10767","Retail",50,0,3419.44,0,38.47,0,11,2509.84,2620.44,0,1.044067,"oui",8.13723207395929,7.82797428507411,0.0612808940732285,0.164746756765371,25.3389143285511
"CUST-10832","Retail",50,0,5270.6,0,12.09,1,24,9910.62,9541.42,0,0.962747,"non",8.56989948704717,9.20136218843466,0.0274862563031804,0.229802373615374,62.5995089503925
"CUST-10833","Retail",50,0,4064.94,0,27.79,0,12,13164.53,15611.08,0,1.185844,"oui",8.31015426172538,9.48528137057151,0.0355000017001923,0.1,46.7340837382233
"CUST-10851","PME",50,0,8937.7,0,23.78,5,20,17142.28,7575.44,1,0.441916,"non",9.09803356437427,9.74930320547547,0.46242454651288,0.646467564408002,5124.55552988839
"CUST-10859","Retail",50,0,3476.97,0,34.42,0,10,15316.77,18309.27,0,1.195374,"oui",8.15391650384294,9.63670358555651,0.0527557063493577,0.1,80.8047020340652
"CUST-10924","Retail",50,0,2586.99,0,14.3,0,20,24699.56,19880.97,0,0.804912,"non",7.85825031669731,10.1145407086922,0.0231399135630423,0.356070472510441,203.510541565627
"CUST-10001","Retail",49,0,4742.28,0,35.12,0,9,13393.09,15509.71,0,1.158038,"oui",8.46427331169785,9.50249418129286,0.0459723455091677,0.1,61.5711760915379
"CUST-10069","Retail",49,0,2048.87,0,27.6,0,22,12762.32,8000.03,0,0.626848,"non",7.62504370064293,9.45425235855368,0.0437881515678625,0.498521898839709,278.593181567605
"CUST-10094","Retail",49,0,3557.69,0,4.37,1,18,3579.27,2285.48,0,0.638532,"non",8.17686673683018,8.18291414798762,0.028735325624547,0.489174049457012,50.3122793414607
"CUST-10163","PME",49,0,20140.2,0,20.64,0,19,13481.66,14454.12,0,1.072132,"oui",9.91047309670984,9.50908552228512,0.00864345995258762,0.142294346541895,16.5813024084858
"CUST-10247","Retail",49,0,2259.14,0,22.36,0,2,12766.82,12233.11,0,0.958196,"non",7.7227394888726,9.45460489687237,0.049333600436589,0.233443566996323,147.03050805638
"CUST-10309","Retail",49,0,2227.58,0,39.23,0,1,3222.62,2894.16,0,0.898077,"non",7.70867107340263,8.07794997228914,0.0973363127982118,0.281538623852642,88.3124579113152
"CUST-10359","Retail",49,0,2900.9,0,10.39,0,19,6808.49,3348.46,0,0.491807,"non",7.97277631265516,8.82592564181126,0.0187618000351615,0.606554757369108,77.4810183648071
"CUST-10366","Retail",49,0,2594.24,0,26.34,0,22,9827.48,10562.39,0,1.074781,"oui",7.86104888179934,9.19293782218837,0.0361347747130625,0.140175100839686,49.778109331924
"CUST-10402","Retail",49,0,2850.67,0,3.44,4,23,22298.87,24157.06,0,1.083331,"oui",7.95530933335321,10.0122912835186,0.242707148008465,0.133335097249322,721.622232016025
"CUST-10480","Retail",49,0,2971.61,0,26.33,0,15,5631.16,2994.04,0,0.531692,"non",7.99685917246246,8.63607073898698,0.0381421663504008,0.574646786807691,123.42530407392
"CUST-10487","Retail",49,0,1447.92,0,7.57,0,1,8517.99,6768.59,0,0.794623,"non",7.27788332280062,9.04993567649797,0.0364090411872505,0.364301672108091,112.981551070898
"CUST-10545","Retail",49,0,2850.92,0,40.53,3,17,17079.09,12042.02,1,0.705074,"non",7.95539702818926,9.74561018723468,0.433631891405579,0.435940907858674,3228.59497303107
"CUST-10557","PME",49,0,22210.91,0,23.41,1,6,9640.13,9187,0,0.952995,"non",10.008338888584,9.17368987299084,0.0258124130332312,0.237603642274534,59.1241064250071
"CUST-10568","PME",49,0,15128.69,0,10.76,0,4,2303.22,951.98,0,0.413326,"non",9.6243482200861,7.74206342283095,0.00927240312786445,0.669339446514011,14.2946704684284
"CUST-10637","PME",49,0,14693.94,0,41.68,1,21,8053.67,7867.47,0,0.97688,"non",9.59519044287258,8.99388316714261,0.0514209258873699,0.21849591552671,90.4850947584494
"CUST-10658","Retail",49,0,3142.78,0,33.64,1,15,14138.7,15815.47,0,1.118594,"oui",8.05286303752935,9.55667099745882,0.103063988528533,0.105124516398254,153.186479685683
"CUST-10756","Retail",49,0,1132.48,0,63.86,0,7,28595,25277.64,0,0.883988,"non",7.0321651971571,10.2609871563494,0.289075064034817,0.292809512152474,2420.39313475635
"CUST-10863","Retail",49,0,3266.67,0,21.13,0,23,2488.83,2145.69,0,0.862128,"non",8.0915263963982,7.81956799951271,0.0249652538872843,0.31029760972023,19.2801163415641
"CUST-10895","Retail",49,0,2299.1,0,77.69,1,15,3622.71,4035.19,1,1.11386,"oui",7.74027302098989,8.19497764352908,0.466515904995586,0.108912388791816,184.067582443248
"CUST-10032","PME",48,0,19951.2,0,34.78,2,18,7439.43,3596.72,0,0.483467,"non",9.90104457088499,8.91454951198899,0.0732193365524428,0.613226282121077,334.030567196418
"CUST-10052","Retail",48,0,1798.19,0,42.11,2,24,9197.19,978.21,0,0.10636,"non",7.49453588241854,9.12665328159982,0.299619137711968,0.914912272117897,2521.18178781216
"CUST-10116","Retail",48,0,4568.44,0,47.93,0,24,57954.23,29003.69,0,0.500459,"non",8.42692706893884,10.9674088400643,0.0584580824669288,0.599633158787547,2031.49307515517
"CUST-10169","PME",48,1,18930.14,0,62.65,1,3,46672.06,49642.81,1,1.063652,"oui",9.84851063984427,10.750900977674,0.137476072410089,0.149078742185367,956.532666327789
"CUST-10174","Retail",48,0,3003.53,0,45.06,2,19,2122.12,1898.46,1,0.894605,"non",8.00754354258726,7.66017086799914,0.279670720520765,0.284315684315684,168.739888567644
"CUST-10175","PME",48,0,24605.25,0,14.38,0,17,2139.43,1297.35,0,0.6064,"non",10.1107151137849,7.66829471739688,0.00613422973644331,0.514880131623844,6.75716076617913
"CUST-10181","Retail",48,0,3871.27,0,51.92,0,13,14311.06,2728.02,0,0.190623,"non",8.26133789756403,9.56878794388122,0.0921942020136711,0.847501442939936,1118.1906550879
"CUST-10218","Retail",48,0,3178.03,0,16.86,0,6,20841.46,8614.06,0,0.413314,"non",8.06401678695141,9.94469955099496,0.0298322689063157,0.669349076312312,416.166475684112
"CUST-10266","Retail",48,0,2150.53,0,9.53,0,7,5092.76,5726.99,0,1.124536,"oui",7.67346960237062,8.53557520227141,0.0275722889015917,0.100371507787526,14.0940717732489
"CUST-10346","PME",48,0,26123.79,0,3.47,0,5,35245.47,18358.85,0,0.520885,"non",10.170601672405,10.4700922893439,0.00478818016898311,0.583291696776919,98.4372753042207
"CUST-10357","Retail",48,0,1969.52,0,5.74,0,18,2782.89,425.35,0,0.152845,"non",7.58554513722104,7.93124523505303,0.0200718480435623,0.877724236315485,49.0276967496856
"CUST-10422","Retail",48,0,2570.47,0,21.46,0,21,4126.25,4679.75,0,1.134141,"oui",7.8518440405463,8.3251242831674,0.0304455993990862,0.1,12.5626154520479
"CUST-10459","PME",48,0,14207.17,0,31.96,0,14,12648.65,7223.8,0,0.571112,"non",9.56150204573277,9.44530576909316,0.0188610952713346,0.543110134283105,129.568368686913
"CUST-10489","Retail",48,0,800,0,11.24,0,16,5124.58,3413.08,0,0.666021,"non",6.68461172766793,8.54180384942891,0.0449931031290582,0.467182871571914,107.718708090928
"CUST-10525","PME",48,1,18930.14,0,22.12,0,18,25586.23,26931.7,0,1.052586,"oui",9.84851063984427,10.1498095951276,0.00974045459014882,0.157931434212856,39.3599107396946
"CUST-10614","Retail",48,0,3179.87,0,7.2,2,1,2225.94,2581.4,0,1.15969,"oui",8.06459559443545,7.70793457729432,0.100277520383538,0.1,22.3211743722533
"CUST-10687","Retail",48,0,2245.2,0,19.53,0,19,4768.12,4818.66,0,1.0106,"oui",7.71654988306804,8.46970737621372,0.0317933195144432,0.191520347642257,29.0334050340334
"CUST-10689","Retail",48,0,3355.03,0,47.51,1,4,7965.74,54.69,0,0.006866,"non",8.1182159912436,8.9829051244944,0.197076110782698,0.994507478275716,1561.2345847072
"CUST-10696","PME",48,0,27737.64,0,10.66,0,6,5574.39,3312.34,0,0.594207,"non",10.2305456145467,8.62593817330148,0.00608896977464264,0.524634623698736,17.8073017073983
"CUST-10736","PME",48,0,19857.81,0,40.05,3,22,23202.2,19556.56,0,0.842875,"non",9.89635265961545,10.0520023807448,0.167677243714159,0.3256998043289,1267.1288822402
"CUST-10738","Retail",48,0,1964.63,0,17.3,0,8,5999.15,6140.41,0,1.023547,"oui",7.58305921140821,8.69937307150786,0.0390472024744685,0.181162664710834,42.4373586877068
"CUST-10743","PME",48,0,17217.73,0,36.34,0,18,12152.93,13000.55,0,1.069746,"oui",9.75369494583115,9.40532557195954,0.0185176748934288,0.144203085181927,32.4520400739849
"CUST-10744","PME",48,0,21861.84,0,8.61,0,6,14501.88,2886.65,0,0.199054,"non",9.99249793019193,9.58203357517657,0.00648588614615995,0.840757198377038,79.079555990224
"CUST-10754","Retail",48,0,3428.41,0,24.33,3,16,5091.44,2737.94,1,0.537754,"non",8.13985187583298,8.53531597719582,0.261791674735115,0.569797149725814,759.480686073945
"CUST-10793","PME",48,0,15896.2,0,26.87,1,24,12493.8,13118.15,0,1.049973,"oui",9.67383536593408,9.4329878002417,0.0255469255460094,0.160021770798316,51.0754573056256
"CUST-10820","Retail",48,0,2360.54,0,19.53,0,6,4275.79,3569.29,0,0.834767,"non",7.76664568540515,8.36072415961995,0.0397451582328155,0.332186098943119,56.4523534572454
"CUST-10902","PME",48,0,13565.41,0,19.15,0,18,21016.01,15994.73,0,0.761074,"non",9.51527844947962,9.9530398071932,0.0105931744426467,0.391141134782482,87.0782879759797
"CUST-10939","Retail",48,0,3979.26,0,22.68,2,24,14095.78,4265.87,0,0.302635,"non",8.28885115134318,9.55363074078969,0.103874079692317,0.757892362111213,1109.69551877572
"CUST-10961","PME",48,0,17964.65,0,57.02,1,1,9362.86,8938.69,0,0.954697,"non",9.79616121703109,9.1445060783546,0.119451512135364,0.236242771973521,264.215755304309
"CUST-10030","PME",47,0,9012.45,0,2.77,3,9,17057.8,5176.94,0,0.303494,"non",9.10636223372761,9.74436285610637,0.0833758086175306,0.75720479780511,1076.90262130456
"CUST-10131","Retail",47,0,2026.28,0,33.38,0,11,33363.11,4279.15,0,0.12826,"non",7.61395687861579,10.4152060775471,0.0682646432999883,0.897392059673094,2043.82908482656
"CUST-10144","PME",47,0,20390.24,0,38.46,1,13,12552.93,5727.77,0,0.456289,"non",9.92281163397495,9.43770938344641,0.0434311356316263,0.634968409765688,346.177160814903
"CUST-10186","Retail",47,0,4035.13,0,15.22,0,17,13479.35,9552.92,0,0.708708,"non",8.30279379827676,9.50891416371913,0.0194190009031991,0.433033788721266,113.348980137986
"CUST-10193","Retail",47,0,3291.39,0,16.49,0,23,11461.11,12900.46,0,1.125586,"oui",8.09906524693585,9.34671484421698,0.0205750814985803,0.1,23.5813272314194
"CUST-10340","PME",47,0,13679.82,0,23.39,0,23,3125.25,3593.73,0,1.149902,"oui",9.52367703319524,8.04726955897067,0.0113547044037245,0.1,3.54862899377399
"CUST-10341","Retail",47,0,857.03,0,36.92,1,21,19601.7,2140.78,0,0.109214,"non",6.7534729238194,9.88337157615125,0.208233344930531,0.912628802603856,3725.10213319648
"CUST-10391","Retail",47,0,5005.15,0,38.98,0,4,37058.85,6228.76,0,0.168078,"non",8.5182226613302,10.520262468597,0.0570756262380005,0.865537975409383,1830.74876926116
"CUST-10527","PME",47,0,21954.68,0,16,2,23,2550.54,1380.59,0,0.541293,"non",9.99673560762201,7.84406038043937,0.029855425338042,0.566965426929199,43.1729752077317
"CUST-10655","Retail",47,0,3158.91,0,40.28,0,15,2898.92,1564.46,0,0.53967,"non",8.05798231036775,7.97209353281822,0.0638651357427831,0.568264043160901,105.208359096145
"CUST-10678","PME",47,0,11886.32,1,26.34,0,6,2637.29,988.69,0,0.374889,"non",9.38314343799395,7.87750715376133,0.0196025055888103,0.700089106620811,36.1928509638328
"CUST-10748","Retail",47,0,3408.68,0,14.74,1,3,4190.76,978.72,0,0.233542,"non",8.13408039856207,8.34063738071626,0.0595961087089221,0.813166108295393,203.090665720525
"CUST-10782","PME",47,0,19819.5,0,16.11,0,18,16019.37,6051.2,0,0.377743,"non",9.89442158052238,9.68155389400637,0.00738702189268768,0.697805843800349,82.5751593954389
"CUST-10853","PME",47,0,26592.98,0,50.8,1,17,63069.61,22722.25,0,0.360273,"non",10.188402550165,11.0519943160331,0.0559666024591911,0.711781950134145,2512.44208394354
"CUST-10894","Retail",47,0,3514.51,0,6.22,2,10,4825.59,5076.17,0,1.051927,"oui",8.16465539196687,8.48168828609027,0.077309207472874,0.15845813672525,59.114794730963
"CUST-10918","Retail",47,0,4703.69,0,49.62,0,14,14092.37,16673.66,0,1.183169,"oui",8.45610258604633,9.55338879514824,0.0741286903487572,0.1,104.464893201012
"CUST-10049","Retail",46,0,2583.5,0,38.03,0,3,7560.85,3485.8,0,0.461033,"non",7.85690034772724,8.9307388967158,0.0823914950567079,0.631173743692839,393.189516624572
"CUST-10071","PME",46,0,26705.94,0,37.44,0,9,13593.46,5164.37,0,0.379916,"non",10.1926412915552,9.5173440737102,0.017685725322492,0.696067373575234,167.341696315307
"CUST-10090","PME",46,0,21467.57,0,29.35,0,1,8458.55,2854.86,0,0.337512,"non",9.97429870328431,9.04293304311145,0.0170289095188556,0.729990601225978,105.147760507516
"CUST-10141","Retail",46,0,857.54,0,16.03,0,23,10151.5,11666.06,0,1.149196,"oui",6.75406782518247,9.2253767568023,0.0456188246879407,0.1,46.309949881963
"CUST-10148","Retail",46,0,1866.3,0,18.58,0,6,15061.39,10958.37,0,0.72758,"non",7.53171314018908,9.61988979457149,0.0440528349141252,0.417935794770602,277.299115616934
"CUST-10227","PME",46,1,18930.14,0,8.28,0,8,7855.56,4486.92,0,0.571178,"non",9.84851063984427,8.96897684031915,0.00672131116983184,0.54305791057544,28.6732747619707
"CUST-10252","Retail",46,0,2747.44,0,14.91,0,12,5478.72,869.22,0,0.158654,"non",7.91842484800475,8.60862677601645,0.0267711240912337,0.873076923076923,128.055495795058
"CUST-10276","PME",46,0,6812.68,0,17.01,2,14,10371.16,7344.23,0,0.70814,"non",8.82654086064079,9.24678415610548,0.0741154534975454,0.433488250108956,333.206477063381
"CUST-10394","Retail",46,0,3692.1,0,15.52,1,3,31518.27,19338.19,0,0.613555,"non",8.2139506808464,10.3583226566787,0.0586237235046585,0.509156054567716,940.776982912731
"CUST-10404","Retail",46,0,3716.52,0,16.15,0,6,8013.75,6285.37,0,0.784323,"non",8.22054302555811,8.98891409530147,0.0263561151166457,0.37254144439245,78.6849692994503
"CUST-10460","Retail",46,0,5094.04,0,11.75,0,22,2364.01,2707.3,0,1.145215,"oui",8.53582650788392,7.76811460863548,0.0132136057721181,0.1,3.1237096181345
"CUST-10462","PME",46,0,15420.13,0,13.46,0,11,27710.99,24329.56,0,0.877975,"non",9.64342907769138,10.2295843643931,0.0089028988581545,0.297619897376456,73.4252516746096
"CUST-10483","Retail",46,0,2962.95,0,45.99,0,17,8372.18,966.95,0,0.115496,"non",7.99394067264212,9.03266958357366,0.0796119362431539,0.907603515452367,604.940850975954
"CUST-10498","Retail",46,0,2859.13,0,25.71,0,4,21012.22,6110.16,0,0.290791,"non",7.95827266173277,9.95285945222654,0.0471176952647904,0.767367370035151,759.730053277444
"CUST-10499","PME",46,0,7734.46,0,44.17,2,2,24050.95,19590.25,0,0.814531,"non",8.95344094802976,10.0879297757933,0.225984101476483,0.348375012213655,1893.46429024608
"CUST-10555","Retail",46,0,2984.55,0,2.93,1,2,13567.38,4899.85,0,0.361149,"non",8.00120426069337,9.51542366123288,0.0412062851747113,0.71108054760757,397.537636223027
"CUST-10558","PME",46,0,26514.83,0,32.78,0,18,16333.3,3968.36,0,0.242961,"non",10.1854594780855,9.70096124760624,0.0122655058983285,0.805630950267245,161.397033099816
"CUST-10560","PME",46,0,17488.46,0,46.56,4,8,9483.1,5717.2,1,0.602883,"non",9.76929651382153,9.15726654601425,0.456599262723314,0.517693581212894,2241.60102445807
"CUST-10680","PME",46,0,22836.18,0,20.06,0,1,9002.3,6360.23,0,0.706512,"non",10.0361013993442,9.10523537922515,0.0111941845561454,0.434790664607933,43.8153368781616
"CUST-10740","Retail",46,0,2139.28,0,25.3,0,15,14683.63,9227.29,0,0.628407,"non",7.66822460280624,9.59448854680539,0.0445798700206792,0.497274720215641,325.513205757255
"CUST-10779","PME",46,0,18130.74,0,25.6,0,23,9017.47,5767.9,0,0.639636,"non",9.80536411924246,9.10691908590773,0.0104475278584032,0.488291061683599,46.0020322897281
"CUST-10824","Retail",46,0,2912.95,0,17.01,0,18,16488.18,14107.84,0,0.855634,"non",7.97692159237683,9.71039903954127,0.0249953495018778,0.315493159342026,130.023508536614
"CUST-10911","Retail",46,0,1499.78,0,17.44,0,11,16670.32,6480.94,0,0.388771,"non",7.31307370966703,9.72138517172136,0.0435591531715253,0.688983054914363,500.301615773969
"CUST-10916","Retail",46,0,2595.94,1,26.34,0,4,17708.46,19124.78,0,1.07998,"oui",7.86170396507614,9.7817977704742,0.0511635124777981,0.136016118849409,123.234278040474
"CUST-10920","Retail",46,0,3266.35,0,4.54,0,24,11503.46,13003.16,0,1.130369,"oui",8.09142843251618,9.35040313866439,0.0124212263952284,0.1,14.2887080988454
"CUST-10928","Retail",46,0,5682.43,0,18.76,3,19,9448.37,9685.72,1,1.025121,"oui",8.64513423712905,9.15359751883775,0.161747841041219,0.179903411911261,274.938009714817
"CUST-10938","Retail",46,0,2006,0,21.26,0,17,28928.98,23331.98,1,0.806526,"non",7.60389796852188,10.2725991398305,0.0379328663293549,0.354779048552697,389.320028553236
"CUST-10945","Retail",46,0,2679.07,0,26.41,1,5,10130.79,749.84,0,0.074016,"non",7.89322499835592,9.22333458038163,0.103156892752699,0.940787243640427,983.17988596077
"CUST-10967","PME",46,0,25986.87,0,34.2,0,24,4805.07,1634.09,0,0.340076,"non",10.1653466894482,8.47742688945645,0.0116789336990905,0.727939031065104,40.8505509348114
"CUST-10995","PME",46,0,27913.61,0,27.12,0,8,16613.4,8616.91,0,0.518672,"non",10.2368696624871,9.71796487762627,0.0114952046499793,0.585062178723199,111.731917811603
"CUST-10028","PME",45,0,18136.88,0,59.94,0,12,7515.07,179.47,0,0.023881,"non",9.80570271328633,8.92466561684762,0.0522024852487965,0.980894921803789,384.810306796592
"CUST-10045","Retail",45,0,4170.32,0,47.65,2,15,7274.05,4112.02,1,0.5653,"non",8.3357480504577,8.89206849932039,0.276340045176703,0.547760051140699,1101.05867156359
"CUST-10091","Retail",45,0,3071.68,0,3.71,2,11,20481.68,23433.56,0,1.144123,"oui",8.02997992217517,9.92728610703906,0.0744707499612974,0.1,152.528607006731
"CUST-10098","PME",45,0,18389.91,0,61.23,0,8,21386.03,4896.79,0,0.228971,"non",9.81955742362228,9.97049318410249,0.0587950383481073,0.816822851179017,1027.06688929767
"CUST-10182","Retail",45,0,3469.52,0,33.68,1,11,7369.83,1730.43,0,0.234799,"non",8.15177153484237,8.90514991843159,0.104989930298647,0.812160660422289,628.415757943525
"CUST-10267","Retail",45,0,2151.03,0,2.61,0,14,3575.85,2693.13,0,0.753144,"non",7.67370207617187,8.18195818910491,0.0181146881092142,0.397484793825244,25.7472394852792
"CUST-10306","PME",45,0,17080.15,1,26.34,0,11,3488.4,297.24,0,0.085208,"non",9.7456722495054,8.15719845735283,0.0142009448045367,0.931833505331957,46.1617047891856
"CUST-10308","PME",45,0,20925.54,0,19.85,0,21,46659.37,1723.58,0,0.03694,"non",9.94872570147631,10.7506290435554,0.00784874551899605,0.970448293665345,355.395168565374
"CUST-10378","Retail",45,0,3522.73,0,23.71,2,13,9624.98,5473.76,0,0.568704,"non",8.16699153617637,9.17211708123175,0.140225904951071,0.545037184492851,735.621171047978
"CUST-10407","PME",45,0,14934.94,0,0.8,0,11,2731.29,682.8,0,0.249992,"non",9.61145871323337,7.91252930404558,0.00538079840772681,0.800006590292499,11.7573135608035
"CUST-10428","PME",45,0,18203.74,0,24.46,1,13,5358.71,4368.81,0,0.815273,"non",9.80938234645928,8.58647855345699,0.0264910318729461,0.347781835553706,49.3703294423985
"CUST-10472","PME",45,0,18034.8,0,22.3,1,15,30115.78,6975.36,0,0.231618,"non",9.80005850372805,10.3128045658563,0.0234620180572152,0.814705513189431,575.652156346659
"CUST-10570","Retail",45,1,3234.13,0,56.23,0,14,12928.55,5258.34,0,0.406723,"non",8.08151523722648,9.46719332317277,0.117592489430025,0.674621515947264,1025.62734652497
"CUST-10594","Retail",45,0,1973.78,0,43.33,1,18,19900.22,13787.07,0,0.69281,"non",7.58770576494769,9.89848606592786,0.17800886708773,0.445752057012435,1579.0390480692
"CUST-10602","Retail",45,0,3155.37,0,63.57,1,17,5317.37,820.43,0,0.154292,"non",8.05686104226722,8.5787340991968,0.276784942150328,0.876566046748675,1290.10181177118
"CUST-10623","Retail",45,0,3812.53,0,28.48,0,7,3839.29,593.46,0,0.154575,"non",8.24604828973717,8.2530427326531,0.0417996315764634,0.876339635713895,140.635780030906
"CUST-10669","Retail",45,0,3537.63,0,48.05,0,6,20937.17,21493.75,0,1.026583,"oui",8.17121229039287,9.94928132724918,0.0953177296904324,0.178733324513294,356.695148515645
"CUST-10698","Retail",45,0,4258.04,0,12.61,0,16,10535.7,3475.62,0,0.32989,"non",8.35656423949103,9.26252476921363,0.017225741493975,0.736088157407671,133.589139337041
"CUST-10764","Retail",45,0,2744.1,0,10.11,0,2,14254.55,3657.81,0,0.256606,"non",7.91720843133043,9.56483143297757,0.0268515534683627,0.794714810358798,304.182506858761
"CUST-10780","Retail",45,0,4597.77,1,26.34,0,6,8072.5,1335.83,0,0.165479,"non",8.43332668232341,8.99621850263243,0.0349523485283617,0.867616723443791,244.800516907486
"CUST-10890","Retail",45,0,3211.19,0,13.2,2,4,2546.05,640.03,0,0.251382,"non",8.07439686393658,7.84229841757338,0.118040177890751,0.798894758547554,240.096790874412
"CUST-10959","Retail",45,0,2798.1,0,32.31,0,3,19059.52,16554.4,0,0.868563,"non",7.93669589440093,9.85532199326044,0.0630709989611598,0.305149342690687,366.820929958105
"CUST-10969","Retail",45,0,3932.78,0,11.37,3,14,16930.05,12344.52,0,0.729148,"non",8.27710183392347,9.73684542846009,0.164974825432079,0.416681226576413,1163.80401767212
"CUST-10973","Retail",45,0,3347.36,0,30.59,0,14,5860.22,901.75,0,0.153876,"non",8.11592725443534,8.67594242452847,0.0429242188319719,0.876898819498244,220.579834218114
"CUST-10011","Retail",44,0,3677.36,0,39.72,0,5,41452.64,42804.57,0,1.032614,"oui",8.20995038241035,10.6323068497295,0.0690617162116857,0.173908923532976,497.864807182583
"CUST-10014","PME",44,0,15895.34,0,47.77,0,9,8863.39,6175.51,0,0.696744,"non",9.67378126349046,9.08968458892949,0.0368792666614153,0.442605143178851,144.676699285932
"CUST-10018","PME",44,0,19239.38,0,19.36,0,4,19566.02,6446.74,0,0.329487,"non",9.86471449916825,9.88154966719819,0.0113885341335451,0.736410777460107,164.093151795554
"CUST-10089","Retail",44,0,3553.16,0,28.31,1,21,6615.54,7751.4,0,1.171696,"oui",8.17559262737411,8.79717670587035,0.0702008071872096,0.1,46.4416247979273
"CUST-10101","Retail",44,0,821.97,0,11.3,2,15,16365.45,18767.01,0,1.146746,"oui",6.71170389803981,9.70292768426575,0.188429974375666,0.1,308.374132414625
"CUST-10105","PME",44,0,17716.91,0,38.17,0,6,23101.63,11478.77,0,0.496881,"non",9.78227482972074,10.047658456791,0.0248574087234104,0.602494888888793,345.980677061382
"CUST-10125","Retail",44,0,3070.86,0,13.87,0,5,22939.26,13435.77,0,0.585711,"non",8.02971293164524,10.0406051320985,0.0275265920676598,0.53143144111885,335.566884430065
"CUST-10199","Retail",44,0,3722.81,0,36.83,0,10,40725.43,9158.89,0,0.224894,"non",8.22223403845816,10.6146079920394,0.055709670497609,0.820085091796453,1860.60929095436
"CUST-10203","PME",44,0,12850.46,0,54.38,2,2,46662.38,43728.89,0,0.937134,"non",9.46113488734801,10.7506935515613,0.24534273775831,0.250293019773102,2865.42358613302
"CUST-10235","Retail",44,0,3968.07,0,13.21,0,10,9175.26,2772.27,1,0.302146,"non",8.28603510937819,9.12426601039592,0.0207634332958034,0.75828303503116,144.460424403288
"CUST-10294","Retail",44,0,3537.77,0,21.16,0,22,5142.63,3049.33,0,0.592951,"non",8.17125186412722,8.54531990074089,0.0242831247158337,0.525638826825963,65.6413171056013
"CUST-10296","PME",44,0,13561.29,0,19.75,0,3,21111.79,13786.84,0,0.65304,"non",9.51497468971292,9.95758693118409,0.0146511200649328,0.477568126624981,147.717251550833
"CUST-10365","Retail",44,0,2325.98,0,12.95,0,18,4988.75,449.12,0,0.090027,"non",7.75189673458936,8.51494065636294,0.024315308405779,0.927978752192433,112.566601760367
"CUST-10384","Retail",44,0,1979.39,0,16.64,2,12,24304.07,6058.98,0,0.249299,"non",7.59054399541386,10.0983991050157,0.150973883971665,0.800560811419651,2937.4816494139
"CUST-10408","PME",44,0,16484.12,0,44.77,3,13,9303.47,5857.71,0,0.629626,"non",9.71015277221867,9.1381427278296,0.248383593229442,0.496298907826864,1146.86206178549
"CUST-10521","PME",44,0,23512.97,0,52.76,1,8,30646.8,8421.27,0,0.274785,"non",10.0653074627769,10.3302835313461,0.0769263632538446,0.7801722855241,1839.29272930496
"CUST-10529","Retail",44,0,3851.59,0,38.65,0,24,8350.92,4273.44,0,0.511733,"non",8.25624132903915,9.03012699141629,0.0448387380988242,0.590613728786768,221.152189211402
"CUST-10576","Retail",44,0,3834.52,0,19.62,0,19,17549.17,7343.33,0,0.418443,"non",8.2517995429952,9.77276193432835,0.023039408384478,0.665245478846008,268.973711421039
"CUST-10586","PME",44,0,13306.92,0,19.83,0,7,16720.9,7472.25,0,0.446881,"non",9.49603947965222,9.72441471294123,0.0137323956137504,0.642495320227978,147.528499318082
"CUST-10735","Retail",44,0,3384.5,0,19.49,2,18,22310.69,10804.72,1,0.484284,"non",8.12696146394866,10.0128212147834,0.112530152124121,0.612572448454082,1537.93991148728
"CUST-10857","Retail",44,1,3234.13,0,14.31,0,14,2877.8,453.51,0,0.157589,"non",8.08151523722648,7.96478139232932,0.0227379077235298,0.873928695531309,57.1856560214157
"CUST-10870","Retail",44,0,4425.97,0,35.62,1,5,4640.63,4424.67,0,0.953463,"non",8.39524474245879,8.44260541186566,0.10976005835752,0.237229427900953,120.834189685444
"CUST-10942","Retail",44,0,1073.21,0,34.97,3,24,9455.48,8643.88,1,0.914166,"non",6.97840943643575,9.15434974659403,0.492764643815142,0.2686670586792,1251.80747479654
"CUST-10008","Retail",43,0,3610.36,0,40.94,1,21,22023.58,6917.68,0,0.314103,"non",8.19156276934661,9.99986897653527,0.112269883912684,0.748717329335194,1851.26706550564
"CUST-10082","Retail",43,0,1282.89,0,40.18,0,19,12552.99,15032.18,0,1.197498,"oui",7.1568706243851,9.43771416319557,0.0991798191875527,0.1,124.500327846316
"CUST-10124","Retail",43,0,2967.53,0,23.97,0,24,98766.68,51509.71,0,0.521529,"non",7.99548523595252,11.5005155798919,0.0291168045697597,0.582776620617398,1675.93159195199
"CUST-10158","PME",43,0,20267.15,0,39.84,0,15,7306.9,6811.73,0,0.932233,"non",9.91675662768598,8.89657438619052,0.0205130978171171,0.254213962145369,38.10340740486
"CUST-10219","Retail",43,0,2466.83,0,17.41,3,1,4816.37,4009.58,0,0.83249,"non",7.81068920454817,8.47977581128012,0.306688592715822,0.334007976961903,493.371779233499
"CUST-10269","Retail",43,0,1069.83,0,2.78,0,11,12437.79,3678.77,0,0.295774,"non",6.97525503632875,9.42849469777794,0.0296513772162819,0.763381115133798,281.533125457346
"CUST-10374","Retail",43,0,3628.88,0,42.36,0,9,9062.03,7614.15,0,0.840226,"non",8.19667933970575,9.11184843574908,0.0715019426382661,0.327819484155316,212.411536014924
"CUST-10389","Retail",43,0,3377.72,0,10.77,0,21,20045.25,12906.45,0,0.643866,"non",8.12495620464864,9.90574749693697,0.0166788780078219,0.484907397014255,162.12019533505
"CUST-10420","PME",43,0,9134.65,0,37.43,0,23,12428.66,13337.98,0,1.073163,"oui",9.11983015390186,9.4277603749928,0.0258423608715559,0.141469474585354,45.4380029037958
"CUST-10426","Retail",43,0,3092.5,0,34.89,2,9,13349.31,13579.15,0,1.017217,"oui",8.03673510426664,9.4992199770994,0.234045509495054,0.186226104570199,581.83479614961
"CUST-10463","PME",43,0,18666.33,0,43.76,0,14,14109.59,7440.52,0,0.527338,"non",9.83447664517224,9.55460998701859,0.0258041256811037,0.578129768476618,210.488743098631
"CUST-10507","Retail",43,0,2567.18,0,28.86,1,14,5089.97,1081.36,0,0.212449,"non",7.85056329917633,8.53502721561757,0.0983326208554915,0.830040648569638,415.44371986519
"CUST-10553","PME",43,0,17882.74,0,23.71,0,4,25686.24,6594.19,0,0.256721,"non",9.79159128083474,10.1537107189407,0.0142471545119396,0.794623424837578,290.797075061893
"CUST-10587","Retail",43,0,3429.19,0,7.75,1,6,66445.63,61905.38,0,0.93167,"non",8.14007936066831,11.1041392982467,0.0425276792019005,0.254664242027655,719.624723798778
"CUST-10593","Retail",43,0,3356.05,1,26.34,0,5,49235.73,41690.05,0,0.846744,"non",8.11851996616503,10.8043748584228,0.0430633755979641,0.322604945636025,684.005308351626
"CUST-10626","PME",43,0,22309.45,0,42.55,0,11,8874.87,9468.7,0,1.066911,"oui",10.0127656345006,9.09097896634901,0.0233775220659714,0.146470877883282,30.3886747087769
"CUST-10636","Retail",43,0,4371.88,0,14.83,0,18,14333.11,2312.18,0,0.161317,"non",8.38294840152724,9.57032752449085,0.0178369802338838,0.870946082183141,222.665552594338
"CUST-10726","Retail",43,0,3441.15,0,25.94,2,22,6716.47,7488.46,0,1.11494,"oui",8.14356099682645,8.81231799788102,0.131488269106125,0.108048126471197,95.4212998668533
"CUST-10800","Retail",43,0,3452.86,0,53.39,2,15,2434.02,122.69,1,0.050406,"non",8.14695815211395,7.79729949044058,0.353058262090061,0.959674941044034,824.697496551787
"CUST-10837","PME",43,0,30161.62,0,8.69,0,12,13222.57,2650.47,0,0.20045,"non",10.3143255342072,9.48968049693255,0.00472152691059644,0.839639646452997,52.4193077376623
"CUST-10881","PME",43,0,27910.04,0,11.92,0,2,61781.59,56835.8,0,0.919947,"non",10.2367417597074,11.0313607026257,0.00692464289146692,0.264042249479173,112.961353256355
"CUST-10940","Retail",43,0,5051.9,0,17.75,0,2,16361.02,6375.9,0,0.389701,"non",8.52751968913354,9.7026569554015,0.0252371084337971,0.688239486291197,284.177412097086
"CUST-10950","Retail",43,0,1639.42,0,38.56,2,4,4260.93,3671.25,1,0.861608,"non",7.40209779972973,8.35724272529644,0.369406439602053,0.310713858242215,489.068267582346
"CUST-10016","PME",42,0,19023.89,0,6.85,3,9,3589.25,1432.86,0,0.399209,"non",9.85345083674396,8.1856985460078,0.063282326339,0.680633001323396,154.596318517776
"CUST-10026","Retail",42,0,3761.31,0,50.26,0,21,10974.79,10368.88,0,0.944791,"non",8.23252257996059,9.30335610336395,0.0758614771771849,0.244167405481107,203.284938331022
"CUST-10130","Retail",42,1,3234.13,0,1.75,1,21,8409.63,6955.4,0,0.827076,"non",8.08151523722648,9.03713275675542,0.0258171594426768,0.338339498884017,73.4578219338428
"CUST-10168","Retail",42,0,4825.94,0,19.21,0,2,13949.11,14951.82,0,1.071883,"oui",8.48176081345125,9.5431709859311,0.0275324552125166,0.142493248673213,54.7249947329795
"CUST-10239","Retail",42,0,2010.13,0,14.3,0,1,19265.94,11676.5,0,0.60607,"non",7.60595467557859,9.86609404901811,0.0391333043444297,0.515144342814314,388.387870959335
"CUST-10332","Retail",42,0,3603.96,0,24.26,0,10,17220.91,12055.73,0,0.700063,"non",8.1897885198875,9.7538796221139,0.0344455301871648,0.439949224518333,260.970565940802
"CUST-10333","PME",42,0,28028.26,0,27.65,1,20,17546.3,15791.4,0,0.899985,"non",10.2409685658852,9.77259838045622,0.0201783529576811,0.280012310287639,99.1398801846198
"CUST-10388","Retail",42,0,1413.65,0,3.99,1,20,22047.01,22984.2,0,1.042509,"oui",7.25393029106474,10.0009322707733,0.047451620367946,0.165993030347426,173.656322479553
"CUST-10427","Retail",42,1,3234.13,0,6.69,0,20,15367.91,18304.84,0,1.191108,"oui",8.08151523722648,9.64003684810641,0.0147846583483357,0.1,22.7209298877972
"CUST-10429","Retail",42,0,2866.74,0,27.31,0,2,7081.06,7959.29,0,1.124025,"oui",7.96093077464164,8.86517889299534,0.0520815191742303,0.100779826749102,37.1668303652676
"CUST-10430","PME",42,0,20829.46,0,40.7,1,4,4649.19,4613.57,0,0.992338,"non",9.94412360977112,8.44444828985956,0.0557086646824473,0.206129239717026,53.3875074597885
"CUST-10479","Retail",42,0,2458.36,0,45.91,0,10,24761.96,5478.38,0,0.221242,"non",7.8072497399387,10.1170638836009,0.100410461390667,0.823006579446861,2046.29049775852
"CUST-10486","Retail",42,0,2996.32,0,48.55,0,1,10992.22,7097.63,0,0.645696,"non",8.0051401480122,9.30494302881788,0.116645103219876,0.48344338086392,619.865609342394
"CUST-10603","Retail",42,0,1903.47,0,32.96,3,21,12217.9,10225.81,0,0.836953,"non",7.55143381525706,9.41065736853061,0.398815223344535,0.33043747288814,1610.11755807817
"CUST-10666","Retail",42,0,2955.99,0,27.24,4,5,26435.79,9026.47,1,0.341449,"non",7.99158889911244,10.1824740528457,0.548396737378069,0.726840922854963,10537.231627579
"CUST-10781","Retail",42,0,3893.9,0,22.52,0,13,4906.57,3481.17,0,0.709492,"non",8.26716650506824,8.49833040233373,0.0288936166375903,0.432406752578685,61.3016794412773
"CUST-10904","PME",42,0,13480.23,0,24.21,3,19,27816.11,24115.28,0,0.866954,"non",9.50897944663528,10.2333706282384,0.123606776817697,0.306437025162757,1053.6100744215
"CUST-10922","Retail",42,0,2531.72,0,22.35,0,17,9602.3,8889.64,0,0.925782,"non",7.83665419263098,9.16975793209376,0.0344405167283986,0.259374108286556,85.7771376775489
"CUST-10936","Retail",42,0,2315.63,0,12.09,0,9,5955.39,1283.75,0,0.215561,"non",7.74743706772639,8.69205197082883,0.0281104402402618,0.827551176329342,138.539212575704
"CUST-10966","Retail",42,0,800,0,6.42,0,14,33155.9,26547.72,0,0.800694,"non",6.68461172766793,10.4089759586615,0.0385883656136134,0.35944504597975,459.885490994136
"CUST-10983","PME",42,0,26526.99,0,25.69,0,9,4608.69,4986.53,0,1.081984,"oui",10.1859179842307,8.43569893074921,0.0109636457173847,0.134412598807904,6.79160575796542
"CUST-10005","PME",41,0,18669.22,0,24.81,0,11,9727.81,8250.63,0,0.848149,"non",9.83463145740915,9.18274407276521,0.012623544100239,0.32148099109666,39.477685205942
"CUST-10023","Retail",41,0,3531.89,0,32.92,1,21,12174.52,3896.38,0,0.320044,"non",8.16958841741101,9.40710052212227,0.0840984315812711,0.743964936605303,761.71447977911
"CUST-10040","Retail",41,0,2581.14,0,29.49,0,23,12606.57,10288.62,0,0.816132,"non",7.85598644078919,9.44197338561436,0.0403259343578619,0.347094729176929,176.453142495403
"CUST-10084","Retail",41,0,2771.44,0,29.95,1,8,4244.21,3688.41,0,0.869045,"non",7.92712231969894,8.35331098013081,0.109379208460964,0.304763901880444,141.480037318504
"CUST-10322","Retail",41,0,4126.69,0,33.73,0,23,11496.6,10585.31,0,0.920734,"non",8.32523091183559,9.34980661846371,0.0360343535288395,0.263412835099073,109.124706577768
"CUST-10343","PME",41,0,17268.32,0,38.62,0,3,9150.25,511.46,0,0.055896,"non",9.7566288878912,9.12153648030069,0.0272784239046148,0.955283407557171,238.442940180998
"CUST-10372","PME",41,0,20705.13,0,22.14,4,14,9584.78,2921.68,0,0.304825,"non",9.93813677463661,9.16793170268634,0.195030510821883,0.7561400470329,1413.47114522891
"CUST-10501","PME",41,0,16599.48,0,34.51,0,12,20781.02,12693.13,0,0.610804,"non",9.71712664855278,9.94179534910784,0.0197945339914738,0.511356805392613,210.34693217294
"CUST-10571","PME",41,0,10228.82,0,9.03,0,22,2226.11,2188.71,0,0.983199,"non",9.23296450527412,7.70801094660737,0.0076717480627832,0.213440485869971,3.64516971804694
"CUST-10624","PME",41,0,30699.76,0,11.74,5,8,9833.59,10092.97,1,1.026377,"oui",10.3320101159552,9.19355935501407,0.234852493183442,0.178898449091329,413.155793943215
"CUST-10707","Retail",41,0,1420.38,0,23.89,0,13,29048.01,20115.54,0,0.692493,"non",7.25867972042911,10.2767052573519,0.055884048486343,0.446005698841332,724.010149120599
"CUST-10709","Retail",41,0,2368.95,0,4.3,0,16,27993.28,29010.77,0,1.036348,"oui",7.77020209798417,10.2397197603527,0.0175812681481791,0.170921878393672,84.1204607829394
"CUST-10778","Retail",41,0,2104.14,0,48.45,0,13,5672.03,3839.41,0,0.676902,"non",7.65166211156787,8.64330235733761,0.114026962896156,0.45847818153289,296.52734506538
"CUST-10790","PME",41,0,22388.82,0,29.35,3,5,21586.41,17504.34,0,0.810896,"non",10.0163170061048,9.97981922899718,0.144424163779515,0.351282959973428,1095.15947964191
"CUST-10807","Retail",41,0,4094.38,0,36.67,2,24,17915.46,17868.03,1,0.997353,"non",8.317370580673,9.79341930621656,0.169344181798214,0.20211794729245,613.201378681877
"CUST-10840","PME",41,0,12893.89,0,21.64,0,17,2577.17,275.17,0,0.106772,"non",9.46450883473444,7.85444717665662,0.012355096160166,0.914582274355204,29.1213817227808
"CUST-10899","Retail",41,0,3885.87,0,5.74,1,2,2310.86,2068.91,0,0.895299,"non",8.26510217595527,7.74537502860378,0.0393482048155437,0.283761024034342,25.8018770401061
"CUST-10905","PME",41,0,27999.35,0,11.51,0,14,12189.7,12221.91,0,1.002642,"oui",10.2399365746022,9.40834661183614,0.00533888406484691,0.197886084153014,12.8783066524699
"CUST-10051","PME",40,0,27627.98,0,17.84,2,4,18346.47,21559.2,0,1.175114,"oui",10.2265843063053,9.81719246440492,0.0405381106510226,0.1,74.3731230915667
"CUST-10178","Retail",40,0,3856.31,0,20.48,0,23,2342.42,1382.43,1,0.590172,"non",8.25746604668987,7.75893986198191,0.0219703727430323,0.527862637784855,27.1658386078137
"CUST-10249","PME",40,0,28543.63,0,14.57,0,1,11383.32,7814.87,0,0.686519,"non",10.2591890728518,9.33990440502706,0.00777362571896442,0.450784481153126,39.8897695813113
"CUST-10255","PME",40,0,5158.33,0,26.68,0,20,59846,21160.27,0,0.353579,"non",8.54836816268092,10.9995298750016,0.0251108306573298,0.7171370517662,1077.70120621186
"CUST-10293","PME",40,0,12115.79,0,36.33,0,14,16663.41,12936.41,0,0.776336,"non",9.40226483954396,9.72097057664911,0.0248418487820997,0.378930963110192,156.858438611534
"CUST-10303","PME",40,0,27075.95,1,26.34,0,15,3165.3,1567.82,0,0.495315,"non",10.2064011589729,8.06000311681616,0.00986161318578237,0.603748143935804,18.8459767090103
"CUST-10324","Retail",40,0,4941.07,0,27.79,0,21,3703.6,1819.82,0,0.491365,"non",8.50533718591803,8.21706059857389,0.0264392251957852,0.606907873420456,59.4286097984749
"CUST-10413","Retail",40,0,4788.4,0,13.2,0,19,7056.89,3082.68,0,0.436833,"non",8.47395160537721,8.86175972351928,0.0154665920602387,0.650533875404038,71.0031956341726
"CUST-10528","PME",40,0,24958.23,0,5.09,0,8,42496.57,783.62,0,0.01844,"non",10.1249589065073,10.6571786457733,0.00495960079104372,0.985248315334626,207.656868291143
"CUST-10600","PME",40,0,8855.84,0,49.47,0,11,22871,1515.46,0,0.066261,"non",9.08883240737793,10.0376250114654,0.053844843940808,0.94699103668401,1166.20566001139
"CUST-10688","Retail",40,1,3234.13,0,17.02,0,23,2463.44,679.91,0,0.276,"non",8.08151523722648,7.80931402609578,0.0212516211351517,0.779199818140486,40.7927417883773
"CUST-10715","Retail",40,0,2682.09,0,6.72,0,10,11602.44,12592.25,0,1.085311,"oui",7.89435162032558,9.35897069980267,0.0202570698903722,0.131751597077856,30.9657673172186
"CUST-10752","Retail",40,0,3403.39,0,16.11,2,24,2935.1,2354.05,0,0.802034,"non",8.13252727269479,7.98449680323203,0.0886156805032831,0.358372798201083,93.2112896941834
"CUST-10869","PME",40,0,18873.89,0,33.33,0,10,5751.49,6576.05,0,1.143365,"oui",9.84553476444095,8.65721423065769,0.0181392645801412,0.1,10.4327798840036
"CUST-10972","Retail",40,0,2485.2,0,13.35,0,21,34925.17,26052.62,0,0.745955,"non",7.81810841818954,10.4609630516867,0.0223692591848259,0.403235660699719,315.027932425083
"CUST-10007","PME",39,0,22583.95,0,3.76,0,7,9266.38,2154.31,0,0.232487,"non",10.0249947559741,9.13414807528032,0.00509652233958342,0.814010649250301,38.4427214439586
"CUST-10224","Retail",39,0,4374.36,1,26.34,0,15,2683.91,2306.32,0,0.859313,"non",8.38351550237663,7.89502996548763,0.0302077650436452,0.312549228550883,25.339904537922
"CUST-10251","PME",39,0,19683.8,0,53.93,0,12,34312.19,33183.79,0,0.967114,"non",9.88755124139777,10.4432559636027,0.0391496731125771,0.226309017290939,304.003397367513
"CUST-10254","Retail",39,0,2439.55,0,39.26,0,17,27325.61,14278.27,1,0.522523,"non",7.79956887504913,10.2155796366748,0.0687373797524894,0.58198129886213,1093.13013777956
"CUST-10289","Retail",39,0,3194.83,0,34.25,0,12,13796.42,2012.96,0,0.145905,"non",8.06928915725832,9.53216441720018,0.0530273986471202,0.88327638619294,646.194637338536
"CUST-10351","Retail",39,0,3789.14,0,16.61,1,20,2952.18,1051.45,0,0.356161,"non",8.23989435939908,7.99029915947118,0.0434912766276118,0.715071574226504,91.8109547864211
"CUST-10456","Retail",39,0,5246.75,0,53.5,1,9,3068.43,2261.42,0,0.736996,"non",8.56536411627753,8.02892130911986,0.177109418386247,0.4104033658907,223.032827917291
"CUST-10458","Retail",39,0,2311.04,0,15.89,1,8,7983,2732.85,0,0.342334,"non",7.74545291864904,8.9850695596458,0.0711711825085312,0.726133032694476,412.559417070853
"CUST-10514","Retail",39,0,4033.92,0,12.3,0,13,15918.34,4010.12,0,0.251918,"non",8.30249388688469,9.67522718260495,0.0186623056100602,0.798465417876487,237.202457906434
"CUST-10605","PME",39,0,18194.88,0,12.82,0,23,11685.49,359.43,0,0.030759,"non",9.80889551480604,9.3661031801973,0.00614973610795013,0.975393072947733,70.0943600726658
"CUST-10610","PME",39,0,18585.94,0,14.76,1,23,35866,5234.55,0,0.145947,"non",9.83016065987577,10.4875450505084,0.0144413848541385,0.883242067696426,457.479388307946
"CUST-10617","Retail",39,0,3335.66,0,24.46,0,1,21623.32,16888.99,0,0.781054,"non",8.11242583981937,9.98152764092095,0.0433281284321507,0.375156451460738,351.483323842046
"CUST-10661","Retail",39,0,1083.06,0,25.97,0,17,8822.62,4100.31,0,0.46475,"non",6.98754564712843,9.08507415704378,0.065887798268424,0.628200239838053,365.174688264562
"CUST-10675","Retail",39,0,4729.47,0,19.85,0,1,20974.99,1665.47,0,0.079403,"non",8.46156842446787,9.95108605457725,0.0291709008795425,0.936477871979915,572.992746009113
"CUST-10681","Retail",39,0,2251.41,0,5.12,1,14,4416.42,4186.07,0,0.947842,"non",7.71931196559157,8.39308469213004,0.0422015316633375,0.241726103948447,45.0528359486392
"CUST-10714","Retail",39,0,2332.17,0,37.73,0,12,3724.55,858.32,0,0.230449,"non",7.75455444361271,8.22270131814698,0.0730531190849709,0.815640547180196,221.927632149519
"CUST-10805","PME",39,0,17400.93,0,16.58,1,4,38495.47,6900.75,0,0.179261,"non",9.76427893205017,10.5582958510155,0.0236140549236564,0.856590918360004,778.670391280429
"CUST-10898","Retail",39,0,3234.13,0,23.51,0,5,23053.58,12153.02,1,0.527164,"non",8.08151523722648,10.0455763508984,0.0393262816696981,0.578268711410549,524.265110448939
"CUST-10990","Retail",39,0,2521.73,0,11.29,3,6,8034.36,6849.01,0,0.852465,"non",7.8327004529032,8.99148262347468,0.234101313115788,0.318028069441748,598.164438410431
"CUST-10043","Retail",38,0,3090.78,0,23.05,2,9,26967.97,26636.4,0,0.987705,"non",8.03617876522188,10.2024051444837,0.157333379533154,0.209835964664749,890.325994771187
"CUST-10070","Retail",38,0,3625.66,0,19.9,0,15,13939.06,120.77,0,0.008664,"non",8.19579161968175,9.5424502501901,0.0260921015660699,0.993068686123741,361.178454770635
"CUST-10087","Retail",38,0,3786.32,0,62.57,0,15,4700.08,5122.67,0,1.089911,"oui",8.23914985012036,8.45533480882989,0.133508565197663,0.12807101155725,80.3646797693421
"CUST-10262","Retail",38,0,2898.35,0,17.55,1,8,26469.14,7775.24,0,0.293747,"non",7.97189688853502,10.1837348050825,0.0665232495949256,0.765002111893322,1347.02582183867
"CUST-10310","Retail",38,0,2979.06,0,29.28,1,5,42638.76,38824.85,0,0.910553,"non",7.99936309349736,10.6605189777415,0.108174016744822,0.271557615652988,1252.53395900628
"CUST-10312","Retail",38,0,3064.5,0,2.12,0,21,29936.83,1944.74,0,0.064961,"non",8.02763970292579,10.3068447739446,0.0124187121917698,0.948030836932301,352.455942625682
"CUST-10377","PME",38,0,21852.15,0,18.5,5,16,6154.21,672.53,1,0.10928,"non",9.99205459385229,8.72489167944667,0.299693944001741,0.9125762689281,1683.13693258736
"CUST-10582","Retail",38,0,3450.42,0,3.62,0,16,18896.46,21368.35,0,1.130812,"oui",8.14625124174623,9.8467298819173,0.0135635508786965,0.1,25.6303096637253
"CUST-10640","Retail",38,1,3234.13,0,37.96,0,1,13059.61,5320.94,0,0.407435,"non",8.08151523722648,9.47727954020996,0.074933373658423,0.674052134788099,659.627847776039
"CUST-10716","Retail",38,0,4465.33,0,26.95,0,1,18957.47,4506.67,0,0.237725,"non",8.40409839875422,9.8499533280867,0.0401779037590961,0.809819770254153,616.816562348747
"CUST-10761","Retail",38,0,3321.98,0,9.21,0,12,7609.53,8023.77,0,1.054437,"oui",8.10831626968552,8.93715668810745,0.0189023566943755,0.156450398382029,22.5035202776477
"CUST-10773","Retail",38,0,1284.82,0,42.53,0,16,3996.36,4174.17,0,1.044493,"oui",7.15837390969649,8.29313922580067,0.114171416546826,0.164405609104285,75.013360785262
"CUST-10850","Retail",38,0,3406.58,0,10.61,0,23,26704.83,29212.85,0,1.093916,"oui",8.13346413445286,10.1925997269045,0.0158406471595728,0.124866924822214,52.8214299859535
"CUST-10901","PME",38,0,9566,0,51.93,1,6,35200.31,15673.91,0,0.445278,"non",9.16597042424024,10.4688101683656,0.12825798978088,0.643777909910452,2906.47764937866
"CUST-10955","Retail",38,0,3294.99,0,12.24,0,24,23573.45,16979.07,0,0.720262,"non",8.10015841203064,10.0678763577262,0.0169443864339623,0.423790068912272,169.277707686252
"CUST-10979","Retail",38,0,2957.86,1,26.34,1,12,13049.21,3556.94,0,0.272579,"non",7.99222131287414,9.47648287451997,0.0855688174279156,0.781936837555683,873.11494849889
"CUST-10060","PME",37,0,15904.81,0,12.12,1,22,44947.61,20211.92,0,0.449677,"non",9.67437685818294,10.7132528682971,0.014552040646056,0.640258158331444,418.779702563206
"CUST-10107","Retail",37,0,3116.6,0,35.89,2,14,8180.79,4823.55,0,0.589619,"non",8.04449794301151,9.00954400195065,0.222715534224099,0.528304723626936,962.565403139844
"CUST-10214","PME",37,0,15273.86,0,30.93,0,17,7272.07,3169.36,0,0.435826,"non",9.63389814950348,8.89179626177358,0.0162956285725706,0.651338889752161,77.1855809755237
"CUST-10233","Retail",37,0,3011.63,0,9.13,3,21,31431.23,30717.84,0,0.977303,"non",8.01023673940862,10.3555572636107,0.155838950607152,0.21815748222389,1068.58113907732
"CUST-10328","Retail",37,0,2652.75,0,11.69,0,14,48333.41,9238.43,0,0.19114,"non",7.8833521167537,10.7858783189402,0.0230706864952267,0.84708829772201,944.575411564777
"CUST-10355","Retail",37,0,1186.57,0,39.34,1,20,20984.37,24589.05,0,1.171779,"oui",7.07882207118571,9.95153315387315,0.194952967753731,0.1,409.096520794237
"CUST-10395","Retail",37,0,1864.68,0,13.77,2,7,19466.41,21702.94,1,1.114892,"oui",7.53084473558664,9.87644569512978,0.153417017415509,0.108086596347246,322.79830282924
"CUST-10457","Retail",37,0,4145.24,0,44.68,0,7,12620.69,2850.26,0,0.22584,"non",8.32971596697884,9.44309280971943,0.0751577186391468,0.819327786357164,777.167036749162
"CUST-10554","PME",37,0,23289.52,0,3.87,0,7,11378.12,79.24,0,0.006964,"non",10.0557587529623,9.33944749192399,0.00502270934022747,0.994428605077113,56.8305900077333
"CUST-10598","Retail",37,0,3036.62,0,39.94,1,15,8531.24,4399.51,1,0.515694,"non",8.01850033374004,9.05148999920551,0.132406429163785,0.58744473253595,663.572297402958
"CUST-10646","Retail",37,1,3234.13,0,15.33,3,21,5300.09,4792.37,0,0.904205,"non",8.08151523722648,8.57547908052811,0.186036191843896,0.276635679771476,272.765148264369
"CUST-10667","Retail",37,0,3941.84,0,30.07,1,23,5050.87,4965.39,0,0.983076,"non",8.27940289835519,8.52731578465911,0.0681348551978881,0.213539053667982,73.4873931525238
"CUST-10749","Retail",37,0,4191.77,0,11.39,0,7,3034.27,1422.65,0,0.468861,"non",8.34087835808345,8.01772614737943,0.019781883116186,0.624911428449017,37.5094176707561
"CUST-10794","PME",37,0,19329.79,0,9.51,2,18,2212.7,2453.65,0,1.108894,"oui",9.8694027082013,7.70196876827689,0.0273700644023248,0.112884710986577,6.83649468641269
"CUST-10806","PME",37,0,21519.71,0,11.64,3,2,35495.32,19983.84,1,0.562999,"non",9.97672453834849,10.4771561357871,0.0808434390418789,0.549600567060672,1577.11385800186
"CUST-10834","PME",37,0,24666.07,0,49.45,0,19,11726.33,4873.89,0,0.415636,"non",10.1131838940364,9.36959201971728,0.0248533757709353,0.667490851783977,194.532790195029
"CUST-10861","Retail",37,0,4151.22,0,40.39,0,1,17997.82,8242.02,0,0.457945,"non",8.33115754592591,9.79800591843265,0.0712101644928615,0.633643630172988,812.095242750149
"CUST-10866","Retail",37,0,4567.5,0,15.54,1,18,10087.07,6778.56,0,0.672005,"non",8.42672128825216,9.21900968465602,0.0387276154561615,0.462396117009201,180.634196018169
"CUST-10868","Retail",37,0,2424.03,0,39.69,2,10,5862.17,4549.09,0,0.776008,"non",7.79318672335024,8.67627512119152,0.29866946325815,0.379193711543677,663.911752537614
"CUST-10927","PME",37,0,9719.56,0,28.98,0,15,31273.85,32364.85,0,1.034885,"oui",9.18189562894017,10.3505375640755,0.0206645432106252,0.172091699614854,111.215951623289
"CUST-10964","Retail",37,0,4364.35,0,80.94,0,7,12241.85,14546.14,0,1.188231,"oui",8.38122454538684,9.41261568843609,0.262578773244223,0.1,321.444995523979
"CUST-10970","PME",37,0,28515.37,0,25.66,0,3,7376.41,1358.35,0,0.184148,"non",10.2581985191333,8.9060423493749,0.0118055697208628,0.852681724578758,74.2538460404022
"CUST-10033","PME",36,0,12682.86,0,24.09,5,19,24098.35,27044.65,1,1.122261,"oui",9.44800675460865,10.0898986524046,0.41669140065989,0.102190813893897,1026.15674400706
"CUST-10085","Retail",36,0,3809.22,0,42.67,0,6,6363.59,6934.03,0,1.089641,"oui",8.2451797227524,8.7583479624923,0.0744248941227668,0.128287020376863,60.7579531154267
"CUST-10242","PME",36,0,23600.56,0,12.43,1,16,12012.66,13138.78,0,1.093744,"oui",10.0690257195457,9.39371637264874,0.0130219390358561,0.125004453634749,19.5542124460468
"CUST-10246","PME",36,0,21570.43,0,8.59,0,21,37997.19,16439.09,0,0.43264,"non",9.97907867427954,10.5452674886059,0.00483366375027048,0.653888300687498,120.096813178793
"CUST-10275","Retail",36,0,2662.12,0,29.21,0,23,12257.39,7775.55,0,0.634356,"non",7.88687807682709,9.41388429938763,0.0391439369638786,0.492515127608732,236.309990254087
"CUST-10291","PME",36,0,14280.37,0,22.38,0,22,3183.56,1249.14,0,0.392372,"non",9.56664114592205,8.06575534646025,0.0108207362157261,0.686102350827376,23.6351714377272
"CUST-10315","PME",36,0,24518.31,0,19.01,0,17,17086.8,6779.35,0,0.396759,"non",10.1071754643469,9.74606151457495,0.00744500789361857,0.68259241051572,86.8335094657994
"CUST-10417","PME",36,0,14935.19,0,39.44,0,18,10637.86,9584.43,0,0.900974,"non",9.61147545236373,9.27217461484717,0.0229254522309146,0.279221196744458,68.0958375687213
"CUST-10451","Retail",36,0,3326.18,0,7.64,2,8,9364.17,2299.02,1,0.245512,"non",8.10957977735043,9.14464598308078,0.0874258427219398,0.803590067245682,657.875444893832
"CUST-10476","Retail",36,0,2307.36,0,25.57,0,11,22409.55,12851.18,0,0.573469,"non",7.74385929281376,10.0172424862721,0.0465273122756044,0.541224879571433,564.311438829769
"CUST-10484","PME",36,0,23339.39,0,16.67,1,13,4842.17,3423.68,0,0.707055,"non",10.0578977701091,8.48511824634058,0.0165631223405837,0.434356084152353,34.8359895478964
"CUST-10497","PME",36,0,20232.39,0,11.6,0,24,4789.62,64.11,0,0.013385,"non",9.91504006455784,8.47420635531647,0.00536446137046055,0.989291843611811,25.4185989744171
"CUST-10520","Retail",36,0,1899.86,0,21.32,0,14,2502.99,2334.27,0,0.932593,"non",7.54953547822919,7.82524129621804,0.0416418716832313,0.253925904618077,26.466490953198
"CUST-10522","PME",36,0,11310.9,0,9.14,1,12,19281.38,12185.27,0,0.631971,"non",9.33352214154101,9.86689514236653,0.0193776760188842,0.494423324471589,184.73056342689
"CUST-10619","Retail",36,1,3234.13,0,13.53,2,12,31383.48,32184.67,0,1.025529,"oui",8.08151523722648,10.3540369187998,0.10307029975704,0.179576770963577,580.877823433938
"CUST-10627","Retail",36,0,2640.41,0,33.54,0,9,15414.1,17346.91,0,1.125392,"oui",7.8786894871124,9.64303795392556,0.061102564355682,0.1,94.1841037234918
"CUST-10708","Retail",36,0,3692.14,0,5.44,1,18,35588.39,37280.21,0,1.047539,"oui",8.21396151473046,10.4797747400548,0.0293371017714959,0.16196917028278,169.105567447495
"CUST-10725","Retail",36,0,4398.82,0,61.56,0,3,8027.04,559.97,1,0.06976,"non",8.389091602121,8.99057112130092,0.146349030417744,0.944191632282884,1109.18866787403
"CUST-10731","Retail",36,0,2961.09,0,41.63,1,10,9344.05,2505.09,0,0.268095,"non",7.99331272277645,9.14249505608109,0.155427794958197,0.785524264103895,1140.83659558168
"CUST-10882","Retail",36,0,3012.8,0,57.75,0,7,8181.82,3555.94,0,0.434615,"non",8.01062515790289,9.00966989873623,0.146004475374662,0.652308166153741,779.235813378899
"CUST-10885","Retail",36,0,3400.02,0,8.08,0,12,6540.92,6195.56,0,0.9472,"non",8.13153659293989,8.78583310734063,0.0177937166816352,0.242239929551195,28.1936458579839
"CUST-10002","Retail",35,0,1006.68,0,44.7,0,21,6646.41,2076.85,0,0.312477,"non",6.9144130666462,8.80183213825457,0.129322544835538,0.750018431002601,644.663833427018
"CUST-10034","Retail",35,0,3998.34,0,4.77,2,3,7945.08,112.17,0,0.014118,"non",8.2936345539657,8.98030814814605,0.0773427110795454,0.988705463003519,607.55360142244
"CUST-10079","Retail",35,0,2721.33,0,16.01,2,21,6620.79,7239.71,0,1.093481,"oui",7.90887601037112,8.79796997715859,0.105809697374608,0.125214966793993,87.718566936892
"CUST-10095","PME",35,0,17499.66,0,60.94,0,20,26522.7,15209.51,0,0.573453,"non",9.76993673115144,10.1857562490723,0.0475735139828773,0.541237958428064,682.92216998749
"CUST-10146","Retail",35,0,3149.53,0,27.38,0,3,26566.08,11675.89,0,0.439504,"non",8.0550085143381,10.1873904930558,0.0484478803519507,0.648397053686506,834.532567882321
"CUST-10147","Retail",35,0,5447.28,0,20.5,0,19,25506.65,18412.18,0,0.721858,"non",8.60287168050532,10.1466944814619,0.0192615031988371,0.422513579791937,207.579409392567
"CUST-10161","Retail",35,0,3545.46,0,31.17,0,18,14943.92,4558.81,0,0.305061,"non",8.17342319077377,9.61205980713524,0.0392739429932308,0.755951048988485,443.672706929825
"CUST-10200","Retail",35,0,3454.66,0,47.14,0,8,13947.09,7501.75,0,0.537872,"non",8.14747932325518,9.54302616333852,0.0899829830405401,0.569702353680947,714.976888515389
"CUST-10421","PME",35,0,9931.82,0,5.54,1,13,7821.65,4460.2,0,0.570238,"non",9.20349902322581,8.96465080872498,0.0177609081816364,0.543809809950586,75.5458453415088
"CUST-10434","Retail",35,0,3242.75,0,35.07,3,5,14406.65,16156.62,0,1.12147,"oui",8.08417701422078,9.57544518452028,0.417675309513071,0.102824320713004,618.724990448424
"CUST-10721","PME",35,0,15628.54,1,26.34,0,2,2183.82,815.11,0,0.37325,"non",9.65685400894376,7.68883091588586,0.0179396304649282,0.701400298559405,27.4787060513054
"CUST-10838","PME",35,0,20727.28,0,37.75,1,15,7712.7,6641.98,0,0.861174,"non",9.93920598601534,8.9506235998061,0.0402167561112128,0.311060458723923,96.4846630545084
"CUST-10852","Retail",35,0,4621.14,0,54.48,1,17,7430.07,406.13,0,0.05466,"non",8.43839670688396,8.91329055893257,0.171140215533982,0.95627174441156,1215.97964064472
"CUST-10858","Retail",35,0,4116.19,0,19.22,1,20,59591.67,58578.46,0,0.982997,"non",8.32268325721021,10.9952710781847,0.0459198846879734,0.213602035318023,584.509712044514
"CUST-10934","PME",35,0,7458.03,0,4.36,0,1,10094.94,3753.38,0,0.371808,"non",8.91704658325682,9.21978958719287,0.0117186182132303,0.702553556534264,83.111205962128
"CUST-10958","Retail",35,0,3944.88,0,19.73,0,16,21506.89,794.55,0,0.036944,"non",8.28017381456638,9.97612862789406,0.0241326914315124,0.970444820241327,503.679436039953
"CUST-10046","Retail",34,0,1846.15,0,46.9,1,15,6930.36,3309.55,0,0.477544,"non",7.52085766853304,8.84366703888664,0.217754456711477,0.617965011918573,932.581366847377
"CUST-10059","Retail",34,0,4003.12,0,41.84,0,17,10118.49,4972.45,0,0.491422,"non",8.29482933606012,9.22211972222245,0.0568602816268929,0.606862288740711,349.152265138385
"CUST-10076","PME",34,0,20997.42,0,6.19,0,15,26248.21,11309.96,0,0.430885,"non",9.95215485201515,10.1753530752185,0.00502102687231414,0.655291998959167,86.3628772923064
"CUST-10081","Retail",34,0,1761.15,0,10.43,0,2,30114.19,4623.73,0,0.15354,"non",7.47372228374433,10.3127517682209,0.0355886815709224,0.87716807259302,940.082354964319
"CUST-10137","Retail",34,0,3600.7,0,9.36,2,2,30897.82,3721.36,0,0.120441,"non",8.18888354998677,10.3384409102352,0.0995554363339002,0.903647312334657,2779.66065702189
"CUST-10142","Retail",34,0,1974.08,0,49.73,0,16,5234.96,5450.88,0,1.041246,"oui",7.58785774602127,8.56311448239675,0.117357029941262,0.167003377294191,102.600087568327
"CUST-10321","Retail",34,0,4803.09,0,27.83,0,12,8414.94,7451.8,0,0.885544,"non",8.47701473977783,9.03776397647471,0.0321463275038724,0.291564764573485,78.871014530751
"CUST-10418","Retail",34,0,4145.18,0,32.1,0,13,2327.96,741.81,0,0.318652,"non",8.32970149244076,7.75274762657313,0.0408916479478476,0.745078094125329,70.9270540653171
"CUST-10488","Retail",34,0,1643.55,0,28.26,1,15,14142.18,1971.66,0,0.139417,"non",7.40461381551951,9.55691710012731,0.121090266256457,0.888466417483019,1521.48127415298
"CUST-10615","Retail",34,0,3636.97,0,37.13,4,22,35111.7,24225.11,0,0.689944,"non",8.19890619639647,10.4662896872441,0.533101062830495,0.44804472583213,8386.53907723697
"CUST-10632","PME",34,0,22286.34,0,7.93,0,12,14798.38,14092.64,0,0.95231,"non",10.0117292137053,9.60227299430162,0.00552320444409713,0.238152284236518,19.4652526797893
"CUST-10720","Retail",34,0,4829.36,0,19.92,0,18,2831.08,2247.91,0,0.794011,"non",8.48246923269105,7.94841354327851,0.0206572144852418,0.364790821877163,21.3337795740625
"CUST-10808","Retail",34,0,2255,0,17.17,0,6,18731.84,348.02,0,0.018579,"non",7.72090525193678,9.83798002873375,0.0371706725450472,0.98513675111468,685.926180838915
"CUST-10841","Retail",34,0,2467.14,0,28.12,2,7,15127.06,15633.81,0,1.0335,"oui",7.81081486400715,9.624240471972,0.216577619107805,0.173200344283688,567.435960993878
"CUST-10915","Retail",34,0,3584.55,0,52.68,1,21,3904.36,1452.09,0,0.371915,"non",8.1843882221425,8.26984915639637,0.171576877761087,0.702468010122017,470.5818437128
"CUST-10937","Retail",34,0,4020.7,0,20.56,0,22,36750.25,29226.26,0,0.795267,"non",8.29921129580755,10.5119003073389,0.0219153361839946,0.363786423221611,292.99143295518
"CUST-10941","Retail",34,0,2620.17,0,35.01,0,9,11646.1,11666.58,0,1.001759,"oui",7.87099448014635,9.36272663899939,0.0650013296972788,0.198593177115086,150.337415371736
"CUST-10946","Retail",34,0,2960.25,0,13.23,0,9,8336.77,2088.32,0,0.250495,"non",7.99302900321107,9.02843113016872,0.0253510830826665,0.799603923342014,168.993209852527
"CUST-10150","PME",33,0,16400.13,0,60.33,0,21,5193.69,5637.07,0,1.085369,"oui",9.70504454061014,8.55519970619046,0.0473464308635588,0.131704818731961,32.3865684893236
"CUST-10165","Retail",33,0,3790.06,0,3.93,0,15,38539.19,6033.19,0,0.156547,"non",8.24013712908573,10.5594309246224,0.0132252315042878,0.874762495008328,445.857442170249
"CUST-10187","Retail",33,0,3842.27,0,16.33,0,22,5325.2,3899.19,0,0.732215,"non",8.25381861675724,8.58020554855776,0.0189628624317547,0.414228198001953,41.8291921693612
"CUST-10409","Retail",33,0,3676,0,15.42,0,6,4583.92,3053.35,0,0.6661,"non",8.20958048347558,8.43030980623531,0.0257588405296351,0.467119845023473,55.1558596956758
"CUST-10452","PME",33,0,15151.34,0,60.78,0,23,4613.75,1004.92,0,0.21781,"non",9.62584425587103,8.43679625434421,0.0486181849303202,0.825752153887835,185.226241602123
"CUST-10546","Retail",33,0,4664.63,0,24.64,0,23,23462.57,9954.2,0,0.424259,"non",8.44776379609519,10.0631616643746,0.02316491300881,0.660593021139628,359.037851355277
"CUST-10592","Retail",33,0,2168,0,36.7,2,22,24529.09,24525.44,1,0.999851,"non",7.68156036255954,10.1076150391327,0.240324340703716,0.200119042328925,1179.68922353728
"CUST-10604","Retail",33,0,3250.73,0,19.41,0,9,25527.32,15507.27,0,0.607477,"non",8.08663486548614,10.1475045301856,0.0307536907485346,0.514018079453699,403.53467617166
"CUST-10650","Retail",33,0,3559.48,0,15.38,4,8,12911.01,9639.36,1,0.7466,"non",8.17736974576146,9.46583571470776,0.383093619973303,0.402720004089533,1991.90370511083
"CUST-10685","PME",33,0,21439.64,0,22.12,0,19,29960.15,17034.45,0,0.56857,"non",9.97299682399899,10.3076234442942,0.00883848846009946,0.545143799346799,144.355408238536
"CUST-10695","Retail",33,0,3544.43,0,28.67,0,24,3960.5,505.62,0,0.127666,"non",8.1731326361933,8.28412555890433,0.0316048514786329,0.897867440979674,112.386978277424
"CUST-10753","Retail",33,0,2041.74,0,52.57,3,16,10784.68,9578.73,0,0.888179,"non",7.62155766446712,9.28588188754394,0.613786352258514,0.289456525367466,1916.0544007
"CUST-10757","Retail",33,0,1892.02,0,52.24,0,6,47120.65,25893.24,1,0.549509,"non",7.54540032038048,10.7604666127974,0.156503474458656,0.560392481852436,4132.6398237568
"CUST-10784","Retail",33,0,4983.76,0,8.19,2,1,32115.3,36559.65,0,1.138387,"oui",8.51393990521475,10.3770878310775,0.0806171352046059,0.1,258.904348223648
"CUST-10813","Retail",33,0,3604.13,0,41.21,0,6,18148.85,17396.15,0,0.958526,"non",8.18983568910987,9.80636247680407,0.0726422525634719,0.233178961752397,307.416927890933
"CUST-10875","PME",33,0,14184.08,0,14.63,0,6,15341.77,12890.54,0,0.840225,"non",9.55987548789606,9.63833445288034,0.0108747309339878,0.327819932119957,54.6926975260803
"CUST-10971","Retail",33,0,5877.85,0,49,0,17,2281.18,565.95,0,0.248095,"non",8.67894632776928,7.7324481319285,0.0600424269828785,0.801523772784261,109.782774344035
"CUST-10025","PME",32,0,17806.27,0,45.02,0,11,12076.56,2319.77,0,0.192089,"non",9.78730592144671,9.39902166272272,0.0296422300395459,0.846329087091026,302.965644823309
"CUST-10120","Retail",32,0,4243.36,0,35.31,0,13,13697.13,9297.25,1,0.678774,"non",8.35311068723123,9.52494160081923,0.0458224398858825,0.456981134003985,286.817772650901
"CUST-10207","PME",32,1,18930.14,0,45.83,2,3,10494.98,1304.44,0,0.124292,"non",9.84851063984427,9.25865232658355,0.149046820546245,0.90056655658229,1408.70529302175
"CUST-10282","Retail",32,0,3586.42,0,40.51,0,4,41680.54,15905.78,1,0.381612,"non",8.18490976944848,10.6377896321974,0.0736162770592547,0.694710673134273,2131.6267347605
"CUST-10331","Retail",32,0,3902.66,0,48.11,0,12,21827.92,15080.11,0,0.690863,"non",8.26941365090852,9.990945163282,0.080869357226071,0.447309317607908,789.594817903343
"CUST-10419","Retail",32,0,3580.8,0,34.14,1,7,11912.9,8175.15,0,0.686243,"non",8.18334151811761,9.38537712557291,0.112775372944135,0.451005212836505,605.91726824679
"CUST-10465","Retail",32,0,3465.15,0,27.32,0,8,7043.11,3853.28,0,0.547099,"non",8.15051120073031,8.8598051129679,0.0414504379416715,0.562320622565883,164.163879161859
"CUST-10482","PME",32,0,23941.15,0,31.83,2,14,26145.65,30811.43,0,1.178453,"oui",10.0833540147168,10.1714381076634,0.0633137465645038,0.1,165.537905786422
"CUST-10496","Retail",32,0,3527.71,0,49.92,0,4,6758.94,1585.02,0,0.234507,"non",8.16840421420163,8.81862135200813,0.106184304281144,0.812394251169562,583.049944800635
"CUST-10530","Retail",32,0,2462.72,0,15.17,0,14,3688.83,2683.37,0,0.727431,"non",7.80902170915718,8.21306461358552,0.0278014470042458,0.418055047264309,42.8735566744456
"CUST-10537","Retail",32,0,2306.35,0,22.07,1,13,5298.55,2156.01,0,0.406906,"non",7.74342146728241,8.57518847720338,0.0823112492782268,0.674475469703976,294.159168618069
"CUST-10547","PME",32,1,18930.14,0,52.85,0,14,66060.42,38245.14,0,0.578942,"non",9.84851063984427,11.0983250567811,0.0369192489407802,0.53684654139347,1309.3156155645
"CUST-10590","Retail",32,0,3499.06,0,35.31,1,2,28427.79,25841.2,1,0.909012,"non",8.16024963997717,10.2551224668363,0.130282589631722,0.272790463134841,1010.31933455377
"CUST-10608","PME",32,0,2757.27,0,58.79,4,22,18238.07,11473.74,1,0.629109,"non",7.92199633876408,9.81126644662639,0.769873115789168,0.496712535920742,6974.3406060371
"CUST-10611","PME",32,0,19437.13,0,36.73,0,17,4661.21,2032.62,0,0.436071,"non",9.87494043337064,8.4470303500671,0.0178152683216071,0.651142943570446,54.0713702966662
"CUST-10622","Retail",32,0,2253.93,0,23.32,0,13,20580.71,7201.03,0,0.349892,"non",7.72043063821686,9.93210950830704,0.0415059805918409,0.720086236091952,615.113900689295
"CUST-10642","PME",32,0,21642.56,0,25.95,0,4,26599.73,16167.35,0,0.607801,"non",9.98241702540906,10.1886563443423,0.0138851932071896,0.513758974245227,189.752967590471
"CUST-10728","PME",32,0,21051.81,0,43.06,2,4,10701.25,12837.3,0,1.199608,"oui",9.95474182116218,9.2781158360567,0.125199614019359,0.1,133.979236952467
"CUST-10734","Retail",32,0,2092.1,0,29,2,11,8449.61,8707.34,0,1.030502,"oui",7.6459236251896,9.04187556543994,0.226739946009286,0.175598400399545,336.422674011927
"CUST-10828","Retail",32,0,2268.73,0,19.82,0,3,65204.35,13054.29,1,0.200206,"non",7.72697548254731,11.0852814634806,0.0436394293657568,0.839835348408503,2389.735213065
"CUST-10910","PME",32,0,17054.53,0,32.03,0,17,5966.04,2062.93,0,0.345779,"non",9.74417113657211,8.69383866971196,0.0159282141951632,0.723376980375593,68.741330289209
"CUST-10009","PME",31,0,30511.68,0,33.54,0,10,11692.3,7192.04,0,0.615109,"non",10.3258648401082,9.36668578447192,0.0136123338152605,0.507912728889953,80.8391312340052
"CUST-10010","Retail",31,0,2426.63,0,38.19,3,4,3961.6,1571.65,1,0.396721,"non",7.79425874251836,8.28440326305022,0.499783440052377,0.682623182552504,1351.55436126484
"CUST-10106","Retail",31,0,2535.23,0,23.74,1,13,5498.37,1535.56,0,0.279275,"non",7.83803964169262,8.61220696365982,0.0830960600937006,0.77657960450097,354.813695107414
"CUST-10180","PME",31,0,16368.13,0,6.92,1,13,7222.17,2415.5,0,0.334456,"non",9.70309143048636,8.88491074074618,0.0138179244080319,0.73243498837607,73.0936419958749
"CUST-10232","Retail",31,0,2559.1,0,24.62,0,16,5141.01,5570.19,0,1.083482,"oui",7.84741091316103,8.54500483720047,0.0382181551465281,0.133214679605758,26.1740092973409
"CUST-10240","PME",31,0,10533.7,0,29.97,1,12,2298.19,1448.55,0,0.6303,"non",9.26233492042762,7.73987713558267,0.046873090007526,0.495759706551678,53.4048551000748
"CUST-10265","Retail",31,0,4094.25,0,37.05,3,9,2084.71,24.92,0,0.011954,"non",8.31733882932998,7.64238503583015,0.383056067828306,0.990437039204494,790.924209394124
"CUST-10297","Retail",31,0,3019.4,0,21.93,1,4,13307.34,11813.67,0,0.887756,"non",8.01281341513364,9.4960710416795,0.0828882787154277,0.289795255851282,319.65068959129
"CUST-10567","Retail",31,0,4356.31,0,38.2,2,15,12461.29,10708.65,0,0.859353,"non",8.37938064772819,9.43038231828261,0.200460003436436,0.312517403896386,780.665423582755
"CUST-10639","Retail",31,0,2884.18,0,22.47,1,3,30360.56,34594.19,0,1.139445,"oui",7.96699590977205,10.3208996766622,0.0884766824903018,0.1,268.620162734776
"CUST-10710","Retail",31,0,1988.17,0,25.38,1,22,3631.19,1618.87,0,0.445824,"non",7.59496989663895,8.19731569722791,0.0860667840466836,0.64334116364057,201.060097810753
"CUST-10727","Retail",31,0,4618.2,0,28.44,1,21,12744.28,3403.04,0,0.267025,"non",8.43776029776833,9.45283782247219,0.0605297091437397,0.786380085811046,606.61954452277
"CUST-10777","Retail",31,0,2860.41,0,23.38,0,1,9599.72,2962.59,0,0.308612,"non",7.95872025018267,9.1694892103639,0.0454997786402396,0.753110299050389,328.947383646851
"CUST-10843","Retail",31,0,3364.92,0,52.17,0,1,4404.89,176.56,0,0.040083,"non",8.1211594676506,8.39047056643533,0.124941375866903,0.967933819005696,532.705297683912
"CUST-10879","PME",31,0,19607.92,0,43.23,0,5,55684.77,18212.1,0,0.327057,"non",9.88368884523227,10.9274619594424,0.0292559954334137,0.738354311241656,1202.86288528439
"CUST-10884","PME",31,0,25023.17,0,11.77,0,10,5777.07,721.5,0,0.12489,"non",10.1275574746364,8.66165191272361,0.00627178981332554,0.900087760750692,32.6124916966171
"CUST-10074","Retail",30,1,3234.13,0,25.56,2,20,36879.46,43293.66,0,1.173923,"oui",8.08151523722648,10.5154100354809,0.138901727155315,0.1,512.262069055536
"CUST-10508","Retail",30,0,4342.06,0,29.47,0,1,4014.31,3054.09,0,0.760801,"non",8.37610416885957,8.29762075607029,0.0451741900287844,0.391359411704627,70.9703691544414
"CUST-10513","PME",30,0,19178.81,0,38.1,0,2,22571.38,9864.66,0,0.437043,"non",9.86156130271701,10.0244380110527,0.0255541283518311,0.650365728635112,375.125711368213
"CUST-10542","PME",30,0,18833.45,0,11.94,0,16,46197.63,12577.06,0,0.272245,"non",9.8433898231375,10.7406837770527,0.00668038837397679,0.782204238615704,241.402394035034
"CUST-10559","Retail",30,0,3045.08,0,10.27,1,20,8817.72,10147.9,0,1.150853,"oui",8.02128245237688,9.08451861218171,0.0384959041280761,0.1,33.9446103748219
"CUST-10573","Retail",30,0,3455.34,0,16.64,1,8,12824.15,2668.04,0,0.208048,"non",8.14767613946421,9.45908539103945,0.0579105289252313,0.833561522596039,619.047223441566
"CUST-10644","Retail",30,0,3483.76,0,38.44,1,16,2075.57,2414.78,0,1.16343,"oui",8.15586744926208,7.63799109373717,0.114210374484421,0.1,23.705162696863
"CUST-10679","Retail",30,0,2265.09,0,18.66,0,6,2350.73,1451.01,0,0.617259,"non",7.72536977222705,7.76248119719799,0.0393500007041486,0.506192544443641,46.8234315378819
"CUST-10729","Retail",30,0,5640.61,0,37.53,0,2,12774.78,2629.4,0,0.205827,"non",8.63774749467203,9.45522819378859,0.0521877917982906,0.83533806453027,556.909495105427
"CUST-10766","PME",30,0,17488.96,1,26.34,1,5,7209.14,372.11,0,0.051616,"non",9.76932510369465,8.88310494438524,0.0342558393647115,0.958706863786804,236.757589488914
"CUST-10803","Retail",30,0,2501.6,0,32.79,0,23,21981.76,12142.56,0,0.552393,"non",7.82468580614363,9.99796829754541,0.04685860540291,0.558085976737076,574.847875804544
"CUST-10804","PME",30,0,20250.38,1,26.34,1,22,4475.74,3042.43,0,0.67976,"non",9.91592883779072,8.40642698016647,0.0224354598808011,0.456191825262415,45.8086322427801
"CUST-10865","PME",30,0,12309.7,0,57.69,0,16,20890.9,22685.75,0,1.085915,"oui",9.41814284845099,9.94706893643732,0.0556647233896858,0.131267681143464,152.649370951535
"CUST-10867","Retail",30,0,2211.31,0,29.4,0,8,23238.66,12559.75,1,0.540468,"non",7.70134037907987,10.0535725500952,0.058780362496891,0.567625672048216,775.36353244574
"CUST-10962","Retail",30,0,4189.38,0,28.07,1,10,9073.11,6356.62,0,0.7006,"non",8.34030803060696,9.11307037298019,0.0776832182911957,0.4395200763575,309.786225466686
"CUST-10975","Retail",30,0,2271.29,0,13.3,0,3,20957.67,21005.76,0,1.002295,"oui",7.72810323100274,9.95025996813365,0.0335908924675329,0.198164299752787,139.505059052997
"CUST-10041","Retail",29,0,2538.26,0,3.46,1,2,19441.98,15609.89,0,0.802896,"non",7.83923408589582,9.87518992467973,0.0463662837919495,0.357683116637297,322.434290396515
"CUST-10048","Retail",29,0,2353.25,0,63.67,1,19,7120,3856.22,0,0.541604,"non",7.76355263042733,8.87066300440602,0.307193835018527,0.566716853932584,1239.5344969518
"CUST-10100","PME",29,0,12807.67,0,60.65,1,22,34400.01,10453.97,0,0.303894,"non",9.45779948919784,10.4458121340591,0.113105633872582,0.756884489277765,2944.91261360519
"CUST-10118","Retail",29,0,2322.24,0,8.87,0,5,11269.75,11614.34,0,1.030577,"oui",7.75028751608977,9.32987742400162,0.0266467599610393,0.175538765278733,52.714699002205
"CUST-10145","PME",29,0,17501.7,0,21.38,0,2,13367.87,13130.6,0,0.982251,"non",9.77005329805069,9.5006093455122,0.0136543245714086,0.214199419952468,39.0976564345257
"CUST-10194","Retail",29,0,3543.74,0,33.61,0,5,3102.63,3074.1,0,0.990805,"non",8.17293794560259,8.0400054178931,0.0555969716993047,0.207356339621547,35.7683117427477
"CUST-10244","Retail",29,0,3591.78,0,7.83,0,17,48396.09,21422.97,0,0.442659,"non",8.18640318033037,10.7871743043175,0.0154167249821403,0.645872714097358,481.891580308396
"CUST-10286","PME",29,0,21754.78,0,8.38,2,15,16085.68,9900.08,0,0.615459,"non",9.98758878248586,9.68568471419142,0.0258092036226618,0.507632627280911,210.748046048465
"CUST-10398","Retail",29,0,4075.27,0,5.33,0,6,5169.28,1071.84,0,0.207348,"non",8.31269228114873,8.55048869281388,0.0160247998802702,0.834121579794478,69.0958603221479
"CUST-10464","Retail",29,0,2630.3,0,16.79,1,21,10983.45,3925.67,0,0.357417,"non",7.87485318710756,9.30414487336091,0.0533973055549521,0.714066527366174,418.790475299212
"CUST-10575","Retail",29,0,3117.6,0,24.17,0,23,41005.1,20100.08,0,0.490185,"non",8.0448187540245,10.6214517281945,0.0290514377936628,0.607852096446539,724.108132858805
"CUST-10612","PME",29,0,19711.4,0,53.03,0,4,83110.1,25474.4,0,0.306514,"non",9.8889524275583,11.327921513771,0.0440642419292098,0.754788888474445,2764.17545347965
"CUST-10643","PME",29,0,20128.53,0,22.21,0,23,19712.23,2029.83,0,0.102973,"non",9.90989349063204,9.88899453428466,0.00851470668186241,0.917621496908265,154.017130844173
"CUST-10653","Retail",29,0,2765.72,0,36.12,1,5,15710.62,17160.18,0,1.092266,"oui",7.92505627788882,9.66209219577965,0.14451623771827,0.126186999621912,286.499972886765
"CUST-10750","PME",29,0,6059.47,0,15.8,4,15,57995.41,65875.63,0,1.135877,"oui",8.70937761649275,10.968119148466,0.282268515334954,0.1,1637.0278276942
"CUST-10809","Retail",29,0,4514.87,0,19.8,0,3,2080.3,681.3,0,0.327501,"non",8.41513167252405,7.64026739306434,0.0287918845902487,0.737999327020141,44.2030287360253
"CUST-10919","Retail",29,0,3456.53,0,57.98,0,5,2485.63,2287.81,0,0.920415,"non",8.14802047464753,7.81828142752644,0.141580969516087,0.263668365766425,92.7896189633921
"CUST-10004","Retail",28,0,800,0,14.44,0,20,41334.92,27063.22,0,0.65473,"non",6.68461172766793,10.6294629422791,0.0472974382007719,0.476215848488397,931.019043862734
"CUST-10056","PME",28,0,21443.82,0,18.59,0,5,13686.72,13634.98,0,0.99622,"non",9.97319177095585,9.5241812986337,0.0101124780463647,0.20302424539992,28.0999067966434
"CUST-10080","Retail",28,0,4097.73,0,32.42,4,1,12249.61,12062.84,1,0.984753,"non",8.31818844083033,9.41324937873138,0.571123553058869,0.212197612821959,1484.54315416094
"CUST-10104","Retail",28,0,4311.95,0,65.35,1,1,44787.72,13023.05,1,0.290773,"non",8.36914551697429,10.709689273686,0.319031088352009,0.767381773396815,10964.8688042749
"CUST-10108","Retail",28,1,3234.13,0,46.43,0,3,26885.27,28147.77,0,1.046959,"oui",8.08151523722648,10.1993338319681,0.099655321643235,0.162432960502163,435.200171003376
"CUST-10119","PME",28,0,17631.62,0,26.44,3,4,18812.93,2856.81,0,0.151854,"non",9.77744915999626,9.84229967837287,0.150517637447925,0.878517168777006,2487.6775436031
"CUST-10192","Retail",28,0,4516.58,0,41.84,2,22,3754.65,1300.61,1,0.3464,"non",8.41551034926376,8.23075035079941,0.198453443918519,0.722880161932537,538.634796252776
"CUST-10299","PME",28,0,29988.27,0,37.03,0,24,7836.61,5023.49,0,0.641028,"non",10.3085615841839,8.96656162187432,0.0120094686863496,0.487177236075293,45.8499657211818
"CUST-10325","Retail",28,0,3502.15,0,35.31,1,16,4360.84,4987.44,0,1.143688,"oui",8.16113234459555,8.38041997833688,0.101374518068195,0.1,44.2078053372507
"CUST-10339","PME",28,0,15721.01,0,3.82,0,8,28826.59,4077.01,0,0.141432,"non",9.66275331328316,10.269053504067,0.00627289750722882,0.886854185666775,160.36651186015
"CUST-10415","Retail",28,0,3442.08,0,59.05,0,24,43315.94,23075.87,0,0.532734,"non",8.14383121880237,10.6762759755779,0.10534815024442,0.573812873505689,2618.45397927372
"CUST-10438","Retail",28,0,5619.48,0,22.3,1,21,27495.3,18635.82,0,0.677782,"non",8.63399441191649,10.2217703599571,0.0422671740555794,0.45777438325823,532.001872723614
"CUST-10556","Retail",28,0,2572.84,0,55.92,0,6,81960.78,73658.25,0,0.898701,"non",7.85276562612747,11.313996119145,0.151418143699024,0.281039053069041,3487.79277722918
"CUST-10662","Retail",28,1,3234.13,0,14.98,0,16,43267.42,31163.06,0,0.720243,"non",8.08151523722648,10.6751552058346,0.0224609597056985,0.423805533123999,411.865989216522
"CUST-10690","Retail",28,0,4530.19,0,15.89,1,20,37820.44,29559.85,0,0.781584,"non",8.41851916020237,10.5406049762008,0.0379631990782634,0.374732816434711,538.035716728633
"CUST-10732","Retail",28,0,2007.01,0,67.81,0,16,6341.41,615.22,0,0.097016,"non",7.60440133134496,8.75485642018096,0.218350093229182,0.922386977028768,1277.1807892193
"CUST-10737","Retail",28,0,3670.2,0,3.78,1,14,18489.93,12360.13,0,0.668479,"non",8.20800143547657,9.82498153854383,0.0297811859585393,0.465216796385925,256.172579688998
"CUST-10741","Retail",28,0,4229.47,0,27.71,0,17,11932.47,6950.03,0,0.582447,"non",8.34983196868191,9.38701853473484,0.0313312022976154,0.534042490783551,199.65639475663
"CUST-10822","Retail",28,0,1522.82,0,9.18,0,13,14251.23,12182.99,0,0.854873,"non",7.32831915812317,9.56459849776128,0.0298008668421395,0.316101697888533,134.24807738341
"CUST-10886","Retail",28,0,4249.04,0,40.97,4,2,12758.59,8150.15,1,0.638797,"non",8.35444835405026,9.45396004922564,0.645544077123497,0.488962338314814,4027.20735881262
"CUST-10931","Retail",28,0,2460.49,1,26.34,2,13,6932.07,3059.81,0,0.441399,"non",7.80811579608318,8.8439137488803,0.185511775704026,0.646880657581357,831.875985871057
"CUST-10986","Retail",28,0,4139.1,0,47.81,1,3,4744.35,1299.94,0,0.273997,"non",8.3282336518821,8.46470971535918,0.181929533289689,0.780802006597321,673.939399259259
"CUST-10039","Retail",27,0,982.84,0,49.19,0,23,11070.28,9053.62,0,0.817831,"non",6.8904463398595,9.31201931896907,0.148619790173648,0.345735067225039,568.825006993976
"CUST-10054","PME",27,0,14103.48,0,23.44,0,13,8145.83,4694.31,0,0.576284,"non",9.55417685442469,9.00526141885237,0.0136330009740128,0.538972946894301,59.8540820822882
"CUST-10099","PME",27,0,26370.7,0,19.2,2,19,5529.4,3668.26,0,0.66341,"non",10.1800088243117,8.61783458953409,0.0328748020693554,0.469271892067855,85.3032734111468
"CUST-10117","Retail",27,0,800,0,60.39,0,13,7579.03,3187.47,0,0.420564,"non",6.68461172766793,8.93314050211004,0.279235998836256,0.663548501589253,1404.29291689147
"CUST-10167","Retail",27,0,2165.84,0,5.8,1,23,11302.37,11776.94,0,1.041989,"oui",7.68056355594976,9.3327677172225,0.0372701320964577,0.166409169050385,70.0983353093955
"CUST-10257","Retail",27,0,2320.55,0,9.53,1,24,6926.26,4049.78,0,0.584699,"non",7.74955950552947,8.84307526396323,0.0407123502271615,0.532240487651344,150.083473522016
"CUST-10274","PME",27,0,19274.39,0,27.2,1,3,11361.94,2270.74,0,0.199855,"non",9.86653255071933,9.3380244523427,0.034770149324481,0.840116036521932,331.893175314136
"CUST-10326","Retail",27,0,3593.39,0,41.67,0,5,2510.15,2606.83,0,1.038516,"oui",8.18685132561488,7.82809779129639,0.0754694653473411,0.169187498755055,32.0508253605009
"CUST-10410","Retail",27,0,2546.2,0,6.04,0,24,19829.08,17666.7,0,0.890949,"non",7.84235733062754,9.8949048260856,0.0154039871682418,0.287240759530952,87.7367977938983
"CUST-10563","PME",27,0,25001.64,0,24.55,0,8,13725.05,11898.52,0,0.86692,"non",10.1266967016988,9.52697790935835,0.0110703852746684,0.306464020167504,46.5646309354094
"CUST-10613","Retail",27,0,2344.29,0,29.05,1,15,3897.95,2370.07,0,0.60803,"non",7.75973786318072,8.26820605289442,0.102349745819556,0.513576110519632,204.893342057694
"CUST-10648","Retail",27,0,2600.01,0,29.39,2,13,4878.02,2157.77,0,0.442345,"non",7.86327057015602,8.49249467880846,0.199893922902743,0.64612363212943,630.026465780558
"CUST-10668","Retail",27,0,3790.03,0,24.49,0,1,7263.08,696.33,0,0.095873,"non",8.24012921361243,8.89055926027771,0.0401834226660083,0.923301960050006,269.470675333015
"CUST-10947","Retail",27,0,1978.28,0,12.15,0,13,12341.83,7195.1,0,0.582985,"non",7.58998305929281,9.42074958468146,0.0286653613151603,0.533612114248859,188.782903281317
"CUST-10066","PME",26,0,16062.79,0,39.13,0,10,27746.41,3284.87,0,0.118389,"non",9.6842606959493,10.2308617414363,0.0253569770849025,0.905288792315835,636.929583904803
"CUST-10173","Retail",26,0,2258.06,0,37.83,0,10,9122.98,560.59,1,0.061448,"non",7.72226131654435,9.11855178408175,0.0775640508964852,0.950841501351532,672.829980013968
"CUST-10191","Retail",26,0,800,0,19.28,1,22,23032.56,6559.24,1,0.284781,"non",6.68461172766793,10.0446641459943,0.114338339251413,0.772175042635295,2033.52657242737
"CUST-10229","PME",26,0,16681.44,0,5.74,0,2,10927.86,9558.41,0,0.874683,"non",9.72205200312169,9.29907077060113,0.00738362270159908,0.300253846590275,24.2266407221432
"CUST-10238","PME",26,0,21234.14,0,12.69,0,7,8271.69,5201.17,0,0.628792,"non",9.96336554275137,9.02059412022392,0.00766232705277613,0.496966641641551,31.4979415815077
"CUST-10245","Retail",26,0,3253.54,0,17.04,5,24,41012.55,20865.03,0,0.508747,"non",8.08749891331159,10.6216333964091,0.529970027911052,0.593002044496136,12889.1498430315
"CUST-10361","Retail",26,0,1788.5,0,45.62,4,8,4341.3,2460.38,1,0.566738,"non",7.48913255869907,8.37592912141206,0.770840316994514,0.546609540920922,1829.20098886671
"CUST-10433","Retail",26,0,3744.73,0,27.37,0,18,12992.32,5961.36,0,0.458837,"non",8.2281047972241,9.47211369264,0.0326239673856608,0.632930223393513,268.274452572722
"CUST-10444","Retail",26,0,4019.94,0,51.28,0,23,22474.08,3753.74,0,0.167025,"non",8.29902225612855,10.0201179241305,0.0731340629397611,0.866379758370532,1423.99977529763
"CUST-10673","Retail",26,0,5064.86,0,42.27,0,19,21618.16,15881.8,0,0.734651,"non",8.5300817756295,9.98128898118847,0.0484159971409757,0.412279305916877,431.518226038317
"CUST-10701","PME",26,0,23207.6,0,6.3,0,20,15930.8,6209.65,0,0.389789,"non",10.0522350902167,9.67600962135436,0.00428564407807273,0.688168830190574,46.9838588794375
"CUST-10760","Retail",26,1,3234.13,0,25.92,0,13,15869.59,11277.38,0,0.710628,"non",8.08151523722648,9.6721599782781,0.0370713267699201,0.431497348072635,253.852805323807
"CUST-10792","Retail",26,0,3091.72,0,6.16,0,21,8066.76,2455.55,0,0.304404,"non",8.03648284933259,8.99550719365767,0.0145804644538094,0.756477197784488,88.9746598457705
"CUST-10873","Retail",26,0,4050.31,0,37.11,0,21,28396.24,16034.04,0,0.564654,"non",8.30654870038118,10.2540120210182,0.0433661381382278,0.548277095840858,675.167751603174
"CUST-10906","Retail",26,0,4354.98,0,14.91,0,8,30138.5,14435.44,0,0.47897,"non",8.37907529685356,10.3135587031915,0.021869163484,0.616823929525358,406.550985803756
"CUST-10994","Retail",26,0,3479.25,0,38.93,5,6,24991.44,7459.74,1,0.298492,"non",8.15457203229996,10.1262886452181,0.794673731105576,0.76120655712516,15117.5933353991
"CUST-10998","PME",26,0,27484.21,0,19.06,0,12,3435.19,1819.09,0,0.529546,"non",10.221366936931,8.14182751608162,0.00768323686555509,0.576363461700808,15.2121789683761
"CUST-10112","Retail",25,0,3459.34,0,35.02,4,10,20906.89,17411.06,0,0.832791,"non",8.14883309841131,9.94783404869708,0.578999710649459,0.333767576143558,4040.28429889977
"CUST-10140","Retail",25,0,4146.22,0,41.7,0,20,28601.44,30469.23,0,1.065304,"oui",8.32995235478136,10.2612123451908,0.0522988516340336,0.147756756303179,221.017875741118
"CUST-10236","Retail",25,0,2202.16,0,15.97,2,19,32750.79,14553.93,0,0.444384,"non",7.69719397586,10.3966823629099,0.1231317137723,0.644492728267013,2599.02062567903
"CUST-10283","Retail",25,0,5058.88,0,40.45,1,3,9121.46,8716.1,1,0.95556,"non",8.52890039390782,9.118385157975,0.126168285731525,0.235552203265705,271.08265535704
"CUST-10349","Retail",25,0,1963.71,0,10.27,1,6,9716.39,7345.67,0,0.756008,"non",7.58259082017078,9.18156942929178,0.0653438078273548,0.395193482353014,250.9106818611
"CUST-10441","Retail",25,0,2911.61,0,8.58,0,17,6568.36,6952.33,0,1.058458,"oui",7.97646147177592,8.79001946083603,0.0180885516217304,0.153233988392841,18.2060548530651
"CUST-10478","Retail",25,0,4000.05,0,9.43,0,15,26834.94,11937.6,0,0.444853,"non",8.2940621400239,10.1974600487225,0.0160311748959165,0.644117706244173,277.09661371143
"CUST-10490","PME",25,0,15124.32,0,66.71,0,12,31455.9,10841.44,0,0.344655,"non",9.62405932321068,10.3563418438981,0.0756109648607111,0.724275827428241,1722.62555845844
"CUST-10495","PME",25,0,32682.31,0,34.6,0,15,5632.7,1927.28,0,0.342159,"non",10.3945892319104,8.63634417988727,0.0123336896893692,0.726272657872779,50.4555951416881
"CUST-10509","Retail",25,0,3295,0,29.78,0,23,4234.09,1850.23,0,0.436984,"non",8.10016144693661,8.35092370796393,0.035221013327586,0.650412721505684,96.9953599289189
"CUST-10517","Retail",25,0,1964.13,0,33.83,0,18,7604.65,2050.97,0,0.269699,"non",7.58280467816988,8.93651518128062,0.0619804984432512,0.784240431841045,369.643883172746
"CUST-10620","PME",25,0,24873.41,0,18.76,0,4,73682.56,41677.93,0,0.565642,"non",10.1215546403859,11.2075214151682,0.00947735213664652,0.547486623700371,382.318432300382
"CUST-10634","Retail",25,0,2207.71,0,35.93,0,19,11848.84,7916.9,0,0.668158,"non",7.69971105819135,9.37998525147635,0.0616377845501702,0.465473413431188,339.952105885245
"CUST-10657","Retail",25,0,3231.76,0,25.48,4,17,21130.12,2541.49,0,0.120278,"non",8.08078215945802,9.95845478972318,0.455749061398075,0.903777545986488,8703.40701158661
"CUST-10762","Retail",25,0,3707.66,0,5.56,0,15,38089.82,16312.59,0,0.428266,"non",8.21815622884624,10.5477023338117,0.014333719420761,0.657386881849271,358.912722198561
"CUST-10770","Retail",25,0,3637.47,0,33.21,0,24,7898.59,5825.77,0,0.737571,"non",8.19904366402306,8.97443954151282,0.0373441740430892,0.409943293676466,120.919464602998
"CUST-10795","Retail",25,0,2826.09,0,17.97,0,21,2104.73,1693.25,0,0.804497,"non",7.94664940987112,7.65194247185644,0.0249528447798559,0.356402008808731,18.7178774547133
"CUST-10797","PME",25,0,12545.85,0,13.88,0,10,3593.87,1715.91,0,0.477455,"non",9.4371452125833,8.18698489529253,0.010501265821178,0.618036267310726,23.324802568583
"CUST-10831","Retail",25,0,5310.9,0,61.74,3,16,37114.78,29155.36,0,0.785546,"non",8.57751659139934,10.5217705520115,0.561459666096366,0.371563350234058,7742.80503362461
"CUST-10862","Retail",25,0,4193.79,0,36.92,2,11,12308.18,9128.3,1,0.741645,"non",8.34136013867749,9.41801936096938,0.208817876982553,0.406684010146098,1045.24623595125
"CUST-10871","PME",25,0,25183.69,0,18.8,0,10,8978.1,431.09,0,0.048016,"non",10.1339518417386,9.10254355761801,0.00835325711783215,0.961587418273354,72.1155732408678
"CUST-10900","Retail",25,0,2960.71,0,4.7,1,9,6302.75,1548.98,0,0.245763,"non",7.99318438341999,8.74874132507426,0.0387951714070211,0.803389948831859,196.441910900764
"CUST-10908","Retail",25,0,2398.01,0,33.65,3,3,19177.68,19590.74,1,1.021539,"oui",7.78239450572055,9.86150238178862,0.459527094114163,0.182769135787019,1610.68290325442
"CUST-10044","Retail",24,0,1554.53,0,19.97,2,5,2686.76,135.32,0,0.050365,"non",7.3489285281225,7.89609128568326,0.214890070661207,0.959707603209814,554.094906760204
"CUST-10064","PME",24,0,6836.08,0,18,1,21,21768.37,2824.4,0,0.129748,"non",8.82996974691715,9.98821327774604,0.0316098560046098,0.896201690801838,616.671939315532
"CUST-10068","Retail",24,0,2944.06,1,26.34,0,12,5755.81,992.47,0,0.172429,"non",7.98754486007587,8.6579650584284,0.040673505842289,0.862056600200493,201.815184187468
"CUST-10155","Retail",24,0,4959.03,0,15.23,0,10,19827.35,4244.6,0,0.214078,"non",8.50896543607761,9.89481757667857,0.0196675449012911,0.828737577134615,323.170607528199
"CUST-10231","PME",24,1,18930.14,1,26.34,3,2,4373.92,4382.51,0,1.001964,"oui",9.84851063984427,8.38341491117462,0.14947479196592,0.198428869298021,129.730965644725
"CUST-10319","Retail",24,0,3176.01,0,5.34,0,22,5100.44,639.93,0,0.125466,"non",8.06338097097668,8.53708208950079,0.0135923061762225,0.899627483119103,62.368242520372
"CUST-10352","Retail",24,0,3253.54,0,19.35,0,16,2790.48,1186.29,0,0.42512,"non",8.08749891331159,7.93396890302846,0.0267251294200818,0.659903672486454,49.2129361203507
"CUST-10443","Retail",24,0,3781.13,0,1.52,0,13,7467.24,5277.34,0,0.706732,"non",8.23777818573838,8.91828073194143,0.0124840029730478,0.434614127843755,40.5151837606341
"CUST-10519","Retail",24,0,3583.1,0,33.96,3,16,2140.83,424.91,1,0.198479,"non",8.18398362648847,7.66894888328864,0.339988152760176,0.841216724354573,612.285344282106
"CUST-10564","PME",24,0,18986.38,0,23.24,0,1,23941.15,2443.25,0,0.102052,"non",9.85147715898916,10.0833540147168,0.0142981238224116,0.918358140690819,314.366414327644
"CUST-10671","Retail",24,0,1316.32,0,44.99,0,14,27058.67,27095.07,0,1.001345,"oui",7.18259524342062,10.2057627504799,0.127736648769345,0.198923819980805,687.557073978957
"CUST-10814","PME",24,0,17845.35,0,26.86,0,16,8341.92,9461.64,0,1.134228,"oui",9.78949824906899,9.02904868468453,0.0127802752744232,0.1,10.6612033917217
"CUST-10864","Retail",24,0,3682.22,1,26.34,1,18,16213.29,7627.31,0,0.470436,"non",8.21127111014385,9.693586555271,0.0674022768182834,0.623651461239514,681.534212716017
"CUST-10887","Retail",24,0,3150.76,0,20.22,0,10,7776.52,2727.6,0,0.350748,"non",8.05539897256006,8.9588642163324,0.0317541153708277,0.71940148035368,177.646493195174
"CUST-10889","Retail",24,0,3643.1,0,24.64,0,1,6575.08,5062.44,0,0.769943,"non",8.20059024653575,8.79104202427232,0.0413953168610397,0.384045213138091,104.528473674684
"CUST-10974","PME",24,0,26701.02,0,16.92,0,18,41735.54,13280.96,0,0.318217,"non",10.1924570459058,10.6391083229815,0.00634758245303602,0.7454263680307,197.478190447604
"CUST-10015","Retail",23,1,3234.13,0,34.74,0,16,2285.92,2120.67,0,0.92771,"non",8.08151523722648,7.73452384811685,0.0497093934088927,0.257832295093442,29.2979211249068
"CUST-10037","Retail",23,0,4582.08,0,28.81,0,17,24365.39,25536.41,1,1.048061,"oui",8.42990832248564,10.1009189617163,0.0312012533766344,0.161551364455894,122.816308018818
"CUST-10138","Retail",23,0,2288.06,0,45.03,0,2,19412.16,14763.62,0,0.760535,"non",7.73545957593208,9.87365495281547,0.11684278040391,0.391572292830885,888.152820344148
"CUST-10189","Retail",23,0,4239.71,0,25.98,0,19,4568.56,4351.37,0,0.95246,"non",8.35225014966046,8.42695333576603,0.0280509652926579,0.238032115152258,30.504414921015
"CUST-10210","Retail",23,0,1610.99,0,42.32,0,8,5139.91,511.49,0,0.099513,"non",7.38460417583307,8.54479084856829,0.115337779763283,0.920389267516357,545.630510806199
"CUST-10248","Retail",23,0,5055.69,0,20.85,2,12,8697.64,5469.47,0,0.628845,"non",8.52826962065582,9.07080700347603,0.105434302579796,0.496923763227726,455.693803545242
"CUST-10253","PME",23,0,21672.49,0,3.5,0,19,39550.92,33883.17,0,0.856697,"non",9.98379899332845,10.5853442346193,0.00406308506680019,0.314642086707465,50.5625907959272
"CUST-10292","Retail",23,0,2586.99,0,18.26,2,17,19970.63,10604.2,0,0.53099,"non",7.85825031669731,9.90201797323324,0.12696455561913,0.575208193231761,1458.47613082697
"CUST-10327","Retail",23,0,2278.95,0,24.29,3,9,11530.23,4102.48,0,0.355802,"non",7.73147008955789,9.35272756102598,0.344933476336912,0.715358323294505,2845.09616646203
"CUST-10376","Retail",23,0,2647.69,0,50.45,0,2,8303.71,6074.02,0,0.731483,"non",7.88144284071733,9.02445768186714,0.131434931595648,0.414813860310632,452.726833271619
"CUST-10381","Retail",23,0,2089.93,0,29.78,0,7,4812.03,3818.66,0,0.793565,"non",7.64488585157499,8.4788743114891,0.0628543145210024,0.365147765080434,110.441441753482
"CUST-10481","PME",23,0,8000.13,0,46.33,3,13,20862.48,4149.52,0,0.198899,"non",8.98721307052994,9.94570760931175,0.356610696768365,0.84088104578171,6255.97295435267
"CUST-10538","Retail",23,0,5160.29,0,17.72,0,19,14853.36,12653.2,0,0.851875,"non",8.54874805844675,9.60598138126358,0.0177739883976458,0.318500325852198,84.0851843115828
"CUST-10683","Retail",23,0,3706.08,0,10.52,0,23,39396.91,28779.84,0,0.73051,"non",8.21772999322862,10.5814426658146,0.0149841641460982,0.415591933479047,245.336288962304
"CUST-10694","PME",23,0,14784.58,0,16.31,5,4,43823.02,4034.91,0,0.092073,"non",9.60134002471366,10.6879145290768,0.388660690577966,0.926341726334698,15777.7164907961
"CUST-10724","Retail",23,0,3049.54,0,49.68,1,9,6385.42,5211.72,0,0.816191,"non",8.0227460385549,8.76177254547321,0.204941647966889,0.347047492569009,454.159709327138
"CUST-10799","Retail",23,0,3768.92,0,3.49,5,8,4922.78,4151.57,0,0.843339,"non",8.23454376725253,8.5016286905614,0.447042201304831,0.325329183916405,715.948814402519
"CUST-10826","Retail",23,0,1873.1,0,12.23,1,7,2014.15,933.96,0,0.463699,"non",7.53535009130185,7.60795254915456,0.0711219747605748,0.629040538192289,90.1102618261026
"CUST-10891","Retail",23,0,3403.44,0,16.06,0,13,20282.42,739.84,0,0.036477,"non",8.1325419638212,9.91750977997449,0.0241373171884584,0.970818472351919,475.277002690565
"CUST-10893","Retail",23,0,1991.43,0,35.46,2,11,3484.76,2381.53,0,0.683413,"non",7.59660825261906,8.15615445425219,0.283531702045806,0.453269665629771,447.848530522624
"CUST-10948","Retail",23,0,4762.28,0,52.2,3,1,11177.15,1153.13,1,0.103169,"non",8.46848182414225,9.32162679471249,0.555112249055899,0.917465185668976,5692.47960433208
"CUST-10976","PME",23,0,15007.33,0,22.54,0,22,23573.51,9252.83,0,0.39251,"non",9.61629402739234,10.0678789029592,0.010562698261137,0.685992285408495,170.811992004618
"CUST-10017","Retail",22,0,3801.36,0,27.71,0,22,12284.22,12255.97,0,0.9977,"non",8.24311417642227,9.41607079087608,0.0303058896431627,0.201839758649715,75.141756240402
"CUST-10022","PME",22,0,12359.48,0,34.55,1,18,20257.69,7734.59,0,0.38181,"non",9.42217865892925,9.91628975353315,0.045524919057611,0.694551945458737,640.53643058913
"CUST-10050","Retail",22,0,4230.98,0,20.15,0,6,13068.54,6779.97,0,0.518801,"non",8.350188923694,9.47796309418127,0.0286397151843686,0.584959299202512,218.938135668677
"CUST-10065","PME",22,0,34698.28,0,10.4,0,23,16160.58,8297.54,0,0.513443,"non",10.4544453969831,9.69033022252013,0.00372216074787137,0.589245435497983,35.444454385321
"CUST-10170","Retail",22,0,3926.01,0,39.57,0,7,100755.97,65493.82,0,0.650024,"non",8.27537892195491,11.5204567336365,0.0636377348105333,0.479980630428152,3077.57902032701
"CUST-10209","PME",22,0,16029.04,0,23.81,0,12,27964.6,5125.93,0,0.183301,"non",9.68215735609972,10.2386947035596,0.0130482679175051,0.853359461605029,311.381986632761
"CUST-10216","Retail",22,0,4007.69,0,31.12,0,10,5917.08,3555.47,0,0.600883,"non",8.29597029446402,8.68559836295034,0.0425281001693526,0.519293976082797,130.67626350277
"CUST-10217","Retail",22,0,2107.28,0,38.65,1,22,2013.59,1101.71,0,0.547137,"non",7.65315329534049,7.60767447757914,0.136278961073782,0.562290237833919,154.298037864879
"CUST-10225","PME",22,0,23589.98,0,67.22,0,22,54887.81,25967.97,0,0.47311,"non",10.0685773245845,10.9130465627702,0.0491486667237512,0.621512026076464,1676.62979846868
"CUST-10279","Retail",22,0,2399.03,0,29.38,0,19,12905.66,576.94,0,0.044704,"non",7.78281976797201,9.4654212538128,0.045323481814804,0.96423646679054,564.010302639457
"CUST-10313","Retail",22,0,4431.19,0,40.05,0,14,10129.16,7254.79,0,0.716228,"non",8.39642344999131,9.22317367179069,0.0528480002764105,0.427017442709958,228.584935339566
"CUST-10390","PME",22,0,14909.79,0,48.3,0,15,6240.83,5630.8,0,0.902252,"non",9.60977332315255,8.73886846533857,0.0348333675367509,0.278198572946227,60.4773443836315
"CUST-10393","Retail",22,1,3234.13,0,11.13,1,16,62845.54,29377.71,0,0.467459,"non",8.08151523722648,11.048435248891,0.0415288285462884,0.626032841789569,1633.88415022084
"CUST-10424","PME",22,0,17070.33,0,21.78,0,21,18733.15,1667.08,0,0.088991,"non",9.74509714776331,9.83804996068892,0.0096433257287119,0.928807274804291,167.788911010163
"CUST-10523","Retail",22,0,4332.14,0,32.64,2,9,6625.82,3590.24,1,0.541856,"non",8.37381692523487,8.79872941678001,0.183902580448301,0.566515238868547,690.301875242994
"CUST-10550","Retail",22,0,3548.64,0,22.31,0,11,8205.51,6876.02,0,0.837976,"non",8.1743197104769,9.01256115881372,0.0315216942291748,0.329619243654569,85.2565372514838
"CUST-10656","PME",22,0,13043.81,0,19.09,1,12,8984.09,5862.25,0,0.652515,"non",9.4760689707191,9.10321051417754,0.0266236380916699,0.477988310446578,114.329622820677
"CUST-10765","Retail",22,0,2530.56,0,33.48,1,17,7891.17,357.78,1,0.045339,"non",7.83619590110214,8.97349969181958,0.111530343396715,0.963728572569087,848.182238893473
"CUST-10842","Retail",22,0,3543.28,0,21.19,2,13,5919.72,5776.03,0,0.975727,"non",8.17280813081425,8.6860444294622,0.127641978307856,0.219418486009474,165.793655056162
"CUST-10874","Retail",22,0,1342.04,0,60.64,0,24,9239.02,3487,0,0.377421,"non",7.20194612334674,9.13119109840485,0.184851344115196,0.698063214496776,1192.18395576343
"CUST-10943","PME",22,0,28632.76,0,5.75,1,19,39060.95,15425.76,0,0.394915,"non",10.2623067958209,10.5728785256915,0.00826297797608071,0.684067899014233,220.789597459344
"CUST-10097","PME",21,0,14237.28,1,26.34,1,7,17684.64,14973.85,0,0.846715,"non",9.56361915548504,9.78045174519829,0.0372979349509748,0.322627998081951,212.805605738884
"CUST-10102","Retail",21,0,3603.1,0,12.88,0,10,10398.27,357.26,0,0.034358,"non",8.18954986501184,9.24939472513856,0.0217326418024216,0.972513889329667,219.7705143866
"CUST-10133","Retail",21,0,2083.27,0,57.41,0,19,3222.09,1683.88,1,0.522605,"non",7.64169405360025,8.0777854963077,0.142793966939381,0.58191608552213,267.736688895803
"CUST-10139","PME",21,0,19710.2,0,43.69,1,4,13012.12,13742.85,0,1.056158,"oui",9.88889154722872,9.4736365098071,0.0646903174735947,0.155073884962635,130.534710210918
"CUST-10185","Retail",21,0,4385.75,0,23.53,0,15,5964.82,1927.38,0,0.323125,"non",8.38611592780929,8.69363415804989,0.0269198994213555,0.741500330269815,119.064453869104
"CUST-10223","PME",21,0,20815.31,0,34.92,0,13,11691.27,3741.06,0,0.319987,"non",9.94344405262411,9.36659768842836,0.0171735172643066,0.744010017731179,149.382500389224
"CUST-10264","PME",21,0,18177.53,0,31.8,2,8,16662.66,16970.97,0,1.018503,"oui",9.80794149491482,9.72092556684146,0.0830259266403173,0.185197561493783,256.208378604529
"CUST-10280","Retail",21,0,3034.08,1,26.34,0,12,21978.08,694.88,0,0.031617,"non",8.0176635273921,9.99780087200388,0.039944744451339,0.974706434775012,855.703345911607
"CUST-10414","Retail",21,0,3576.87,0,42.08,2,12,5326.86,6132.96,0,1.151327,"oui",8.18224339529414,8.58051722536271,0.261550756747297,0.1,139.324426408691
"CUST-10466","Retail",21,0,3116.59,0,16.66,0,3,7308.24,624.47,0,0.085447,"non",8.04449473438158,8.89675775768115,0.0317577722199104,0.931642091666393,216.228000433904
"CUST-10467","Retail",21,0,4163.06,0,15.44,1,23,9245.76,8861.37,0,0.958425,"non",8.33400565977428,9.13192034704061,0.0370063631647251,0.233259786107362,79.8102912082887
"CUST-10475","PME",21,0,25697.95,0,16.98,1,7,5938.83,6897.55,0,1.161432,"oui",10.1541665011648,8.68926742325864,0.0178124321362391,0.1,10.5785006343661
"CUST-10516","Retail",21,0,2793.47,0,36.91,1,20,2277.89,1329.58,0,0.583689,"non",7.9350398296255,7.73100485486932,0.113560658285386,0.533048566875486,137.888303867231
"CUST-10539","Retail",21,0,2028.3,0,31.95,0,12,40907.03,2349.65,1,0.057439,"non",7.61495328276474,10.6190572099014,0.0633263749773672,0.954048973978311,2471.45806741795
"CUST-10665","Retail",21,0,1926.95,0,39.52,0,9,35285.06,2349.31,0,0.066581,"non",7.56369372100975,10.4712149238728,0.0922763247905164,0.946735303836808,3082.54710273797
"CUST-10693","Retail",21,0,3359.76,0,19.03,0,2,11008.41,11348.08,0,1.030856,"oui",8.11962482183468,9.30641480511906,0.0340444823588783,0.175315599618837,65.7040125505878
"CUST-10723","Retail",21,0,2265.67,0,31.44,1,12,7123.68,2902.14,0,0.407393,"non",7.72562579991476,8.87117972481562,0.12026814322598,0.674085304224783,577.523775190574
"CUST-10772","Retail",21,0,2996.13,0,32.54,0,2,27617.18,15916.34,0,0.57632,"non",8.00507673488399,10.2261933218231,0.0623083140080936,0.538943802372291,927.403674994377
"CUST-10789","PME",21,0,26341.24,0,1.9,0,22,34583.09,21276.41,0,0.615226,"non",10.1788910508786,10.4511201132555,0.00316941235223961,0.507819341765007,55.6610992923626
"CUST-10811","PME",21,0,21161.68,0,19.02,1,10,33535.45,16729.28,0,0.498854,"non",9.95994727790568,10.42035836726,0.0205502469610207,0.600917119048649,414.12911106491
"CUST-10815","PME",21,0,15568.41,0,1.4,0,2,35615.11,26006.35,0,0.730206,"non",9.652999140153,10.480525264994,0.00644119939822809,0.415835582144769,95.39435632374
"CUST-10829","Retail",21,0,4004.37,0,17,3,16,26904.11,745.31,0,0.027702,"non",8.2951415437582,10.2000343420231,0.191702288372422,0.977838032925081,5043.27734758587
"CUST-10907","Retail",21,0,2850.44,0,21.25,0,17,15772.13,8478.01,0,0.537531,"non",7.95522864731132,9.66599973741853,0.0306664533629337,0.56997513969261,275.682890458739
"CUST-10930","PME",21,0,17992.62,0,41.98,1,8,6121.04,4476.97,0,0.731407,"non",9.79771695280532,8.71948729570964,0.0591728707889471,0.414874596473802,150.267375145183
